symbol,company_name,sector,sub_industry,headquarters,founded,price,pe_ratio,dividend_yield,eps,week_low_52,week_high_52,market_cap,ebitda,price_to_sales,price_to_book
MMM,3M,Industrials,Industrial Conglomerates,"Saint Paul, Minnesota",1902,156.58,30.169558,0.0198,5.19,139.34,177.41,81667006464.0,6240000000.0,3.2635472,25.028772
AOS,A. O. Smith,Industrials,Building Products,"Milwaukee, Wisconsin",1916,60.87,15.89295,0.0239,3.83,54.16,81.87,8389628416.0,795299968.0,2.2009046,4.4675226
ABT,Abbott Laboratories,Health Care,Health Care Equipment,"North Chicago, Illinois",1888,88.96,24.918768,0.0274,3.57,81.97,137.49,154951696384.0,11744000000.0,3.433148,2.9763458
ABBV,AbbVie,Health Care,Biotechnology,"North Chicago, Illinois",2013 (1888),244.78,120.58128,0.0279,2.03,184.63,261.64,432475537408.0,29915000832.0,6.8844705,-64.98009
ACN,Accenture,Information Technology,IT Consulting & Other Services,"Dublin, Ireland",1989,134.56,11.065789,0.0471,12.16,118.15,291.09,82342928384.0,12943767552.0,1.1264331,2.581685
ADBE,Adobe Inc.,Information Technology,Application Software,"San Jose, California",1982,220.78,13.188769,,17.48,190.12,376.16,87760052224.0,9729000448.0,3.4828181,7.6481795
AMD,Advanced Micro Devices,Information Technology,Semiconductors,"Santa Clara, California",1969,548.13,178.54398,,3.07,149.22,584.73,893781082112.0,7430000128.0,23.863434,13.860217
AES,AES Corporation,Utilities,Independent Power Producers & Energy Traders,"Arlington, Virginia",1981,14.8,7.668394,0.0477,1.93,12.33,17.65,10554733568.0,3755000064.0,0.84525776,2.3878672
AFL,Aflac,Financials,Life & Health Insurance,"Columbus, Georgia",1955,122.05,13.948572,0.0198,8.75,96.95,124.0,62121607168.0,5880000000.0,3.4298592,2.0797124
A,Agilent Technologies,Health Care,Life Sciences Tools & Services,"Santa Clara, California",1999,135.2,27.094189,0.0076,4.99,108.35,160.27,38184796160.0,2015000064.0,5.2799773,5.3574257
APD,Air Products,Materials,Industrial Gases,"Upper Macungie Township, Pennsylvania",1940,299.4,31.58228,0.024,9.48,229.11,314.87,66670596096.0,3877600000.0,5.349096,4.2601023
ABNB,Airbnb,Consumer Discretionary,"Hotels, Resorts & Cruise Lines","San Francisco, California",2008,146.54,36.093594,,4.06,110.81,150.19,86972203008.0,2619000064.0,6.876904,11.418108
AKAM,Akamai Technologies,Information Technology,Internet Services & Infrastructure,"Cambridge, Massachusetts",1998,126.11,42.46128,,2.97,69.78,165.45,18334560256.0,1146972032.0,4.2971835,3.7392514
ALB,Albemarle Corporation,Materials,Specialty Chemicals,"Charlotte, North Carolina",1994,128.75,,0.0129,-3.5,64.95,221.0,15184086016.0,1067513984.0,2.7634647,1.9931266
ARE,Alexandria Real Estate Equities,Real Estate,Office REITs,"Pasadena, California",1994,47.5,,0.0599,-6.19,39.41,88.24,8277799936.0,1860583936.0,2.825044,0.5153688
ALGN,Align Technology,Health Care,Health Care Supplies,"Tempe, Arizona",1997,178.46,30.402046,,5.87,122.0,208.31,12780972032.0,880812992.0,3.120515,3.080136
ALLE,Allegion,Industrials,Building Products,"Dublin, Ireland",1908,136.51,18.623465,0.0155,7.33,125.0,183.11,11731104768.0,1010600000.0,2.820655,5.5830026
LNT,Alliant Energy,Utilities,Electric Utilities,"Madison, Wisconsin",1917,76.31,23.996855,0.0272,3.17,61.61,78.81,19709120512.0,1856000000.0,4.461096,2.6554615
ALL,Allstate,Financials,Property & Casualty Insurance,"Northbrook, Illinois",1931,250.35,5.537492,0.0168,45.21,188.08,257.67,64445329408.0,14840000512.0,0.94530654,2.1816614
GOOGL,Alphabet Inc. (Class A),Communication Services,Interactive Media & Services,"Mountain View, California",1998,359.51,27.422579,0.0025,13.11,180.48,408.61,4386947072000.0,161316000000.0,10.383355,9.098294
GOOG,Alphabet Inc. (Class C),Communication Services,Interactive Media & Services,"Mountain View, California",1998,357.33,26.746258,0.0025,13.36,181.5,404.47,4360345223168.0,161316000000.0,10.320393,9.043123
MO,Altria,Consumer Staples,Tobacco,"Richmond, Virginia",1985,70.16,15.023555,0.059,4.67,54.7,74.56,117159575552.0,15788000256.0,5.7493167,-36.503643
AMZN,Amazon,Consumer Discretionary,Broadline Retail,"Seattle, Washington",1994,247.49,29.568699,,8.37,196.0,278.56,2662277054464.0,155861000000.0,3.5842261,6.0226808
AMCR,Amcor,Materials,Paper & Plastic Packaging Products & Materials,"Warmley, Bristol, United Kingdom",2019 (1860),42.78,34.5,0.0613,1.25,36.25,50.94,19779147776.0,3200999936.0,0.8913541,1.6968783
AEE,Ameren,Utilities,Multi-Utilities,"St. Louis, Missouri",1902,112.95,20.424953,0.0264,5.53,95.15,118.32,31259095040.0,3827000064.0,3.6581738,2.3054783
AEP,American Electric Power,Utilities,Electric Utilities,"Columbus, Ohio",1906,134.94,20.080359,0.028,6.72,103.64,140.58,73421537280.0,9141000192.0,3.2729256,2.3077319
AXP,American Express,Financials,Consumer Finance,"New York City, New York",1850,355.06,22.12212,0.0107,16.05,288.34,387.49,242266832896.0,,3.5207064,7.123139
AIG,American International Group,Financials,Multi-line Insurance,"New York City, New York",1919,79.0,14.05694,0.025,5.62,71.25,87.29,41886289920.0,8316000256.0,1.568716,1.0419414
AMT,American Tower,Real Estate,Telecom Tower REITs,"Boston, Massachusetts",1995,168.83,27.318771,0.0412,6.18,160.06,234.33,78656724992.0,6989599744.0,7.270038,22.334965
AWK,American Water Works,Utilities,Water Utilities,"Camden, New Jersey",1886,131.57,23.328016,0.0272,5.64,120.57,147.87,25693061120.0,2836000000.0,4.936227,2.32789
AMP,Ameriprise Financial,Financials,Asset Management & Custody Banks,"Minneapolis, Minnesota",1894,518.6,12.929443,0.0131,40.14,422.37,550.18,46620626944.0,,2.4135756,7.520192
AME,Ametek,Industrials,Electrical Components & Equipment,"Berwyn, Pennsylvania",1930,233.96,35.394855,0.0059,6.67,174.43,244.71,53624336384.0,2420284928.0,7.0580797,4.9109993
AMGN,Amgen,Health Care,Biotechnology,"Thousand Oaks, California",1980,355.25,24.70445,0.028,14.38,269.77,391.29,191731367936.0,16917999616.0,5.1512995,20.862698
APH,Amphenol,Information Technology,Electronic Components,"Wallingford, Connecticut",1932,158.37,44.86402,0.0064,3.53,95.19,178.52,194832236544.0,8171299840.0,7.5213766,13.92876
ADI,Analog Devices,Information Technology,Semiconductors,"Wilmington, Massachusetts",1965,392.75,57.503662,0.0114,6.83,218.37,445.91,191303434240.0,6149394944.0,15.01574,5.6695967
AON,Aon plc,Financials,Insurance Brokers,"London, United Kingdom",1982 (1919),358.89,20.162361,0.0089,17.8,304.59,381.0,76650635264.0,5843999744.0,4.383543,7.7953477
APA,APA Corporation,Energy,Oil & Gas Exploration & Production,"Houston, Texas",1954,34.53,8.086651,0.0288,4.27,17.86,45.66,12205327360.0,5210999808.0,1.4580489,1.8903973
AAPL,Apple Inc.,Information Technology,"Technology Hardware, Storage & Peripherals","Cupertino, California",1977,314.86,38.444443,0.0034,8.19,201.5,323.45,4624460808192.0,159976000000.0,10.243753,43.369144
AMAT,Applied Materials,Information Technology,Semiconductor Materials & Equipment,"Santa Clara, California",1967,595.7,54.05626,0.0037,11.02,154.47,739.67,472961646592.0,9274999808.0,16.295536,19.781498
APTV,Aptiv,Consumer Discretionary,Automotive Parts & Equipment,"Schaffhausen, Switzerland",1994,58.06,35.18788,,1.65,51.68,88.93,12286688256.0,3184999936.0,0.5947378,1.3353267
ACGL,Arch Capital Group,Financials,Property & Casualty Insurance,"Hamilton, Bermuda",1995,101.53,7.932031,,12.8,82.45,105.09,35473526784.0,5896999936.0,1.7936759,1.5278237
ADM,Archer Daniels Midland,Consumer Staples,Agricultural Products & Services,"Chicago, Illinois",1902,82.28,36.732143,0.0254,2.24,52.23,85.37,39655383040.0,2539000064.0,0.49209997,1.7391304
ANET,Arista Networks,Information Technology,Communications Equipment,"Santa Clara, California",2004,182.57,62.523975,,2.94,104.681,189.817,229886574592.0,4237199872.0,23.675484,17.045094
AJG,Arthur J. Gallagher & Co.,Financials,Insurance Brokers,"Rolling Meadows, Illinois",1927,253.83,42.16445,0.0107,6.02,190.75,316.71,65219588096.0,3960000000.0,4.593576,2.7427442
AIZ,Assurant,Financials,Multi-line Insurance,"Atlanta, Georgia",1892,276.98,14.343864,0.0126,19.31,183.39,284.12,13723704320.0,1638899968.0,1.0428029,2.3440106
T,AT&T,Communication Services,Integrated Telecommunication Services,"Dallas, Texas",1983 (1885),21.28,7.262799,0.0515,2.93,19.89,29.79,147860652032.0,44411998208.0,1.1686003,1.3515402
ATO,Atmos Energy,Utilities,Gas Utilities,"Dallas, Texas",1906,178.45,22.112764,0.0223,8.07,152.8,192.51,29786841088.0,2540303104.0,6.1023088,1.9979398
ADSK,Autodesk,Information Technology,Application Software,"San Francisco, California",1982,205.92,30.965412,,6.65,185.5,329.09,43479027712.0,2139000064.0,5.791798,13.624454
ADP,Automatic Data Processing,Industrials,Human Resource & Employment Services,"Roseland, New Jersey",1949,246.44,22.988806,0.0271,10.52,188.16,315.98,98510512128.0,6339899904.0,4.5605874,15.547284
AZO,AutoZone,Consumer Discretionary,Automotive Retail,"Memphis, Tennessee",1979,3032.07,21.186989,,143.11,2928.11,4388.11,49499619328.0,4263984896.0,2.4766648,-17.824068
AVB,AvalonBay Communities,Real Estate,Multi-Family Residential REITs,"Arlington, Virginia",1978,191.75,23.760843,0.0366,8.07,160.1,205.0,27203969024.0,1846126976.0,8.890012,2.318173
AVY,Avery Dennison,Materials,Paper & Plastic Packaging Products & Materials,"Mentor, Ohio",1935,157.16,17.67829,0.0251,8.89,152.42,199.54,12021228544.0,1443000064.0,1.3348466,5.2372704
AXON,Axon Enterprise,Industrials,Aerospace & Defense,"Scottsdale, Arizona",1993,547.26,222.46341,,2.46,339.01,885.92,44110295040.0,102861000.0,14.785997,12.476575
BKR,Baker Hughes,Energy,Oil & Gas Equipment & Services,"Houston, Texas",2017,57.775,18.458466,0.016,3.14,38.37,70.41,57316769792.0,4821000192.0,2.0548801,2.9667761
BALL,Ball Corporation,Materials,"Metal, Glass & Plastic Containers","Broomfield, Colorado",1880,60.46,17.834808,0.0131,3.39,44.83,68.29,16097263616.0,2052999936.0,1.1778198,2.8737106
BAC,Bank of America,Financials,Diversified Banks,"Charlotte, North Carolina",1998 (1923 / 1874),60.62,14.785366,0.0188,4.1,44.75,61.21,430195343360.0,,3.925498,1.5678667
BAX,Baxter International,Health Care,Health Care Equipment,"Deerfield, Illinois",1931,21.8,,0.0089,-1.91,15.73,29.35,11259023360.0,1908999936.0,0.99461335,1.8630885
BDX,Becton Dickinson,Health Care,Health Care Equipment,"Franklin Lakes, New Jersey",1897,150.65,26.901785,0.0273,5.6,127.58648,187.35,41510162432.0,6157000192.0,1.8675559,1.720063
BBY,Best Buy,Consumer Discretionary,Computer & Electronics Retail,"Richfield, Minnesota",1966,83.98,15.551852,0.047,5.55,55.1,84.99,17700222976.0,2617999872.0,0.42284334,5.7394753
TECH,Bio-Techne,Health Care,Life Sciences Tools & Services,"Minneapolis, Minnesota",1976,71.23,101.75715,0.0045,0.7,43.2,72.16,11098393600.0,366044992.0,9.166082,5.3463936
BIIB,Biogen,Health Care,Biotechnology,"Cambridge, Massachusetts",1978,191.95,22.47658,,8.54,121.05,219.72,28338944000.0,3539599872.0,2.8517463,1.5189884
BLK,BlackRock,Financials,Asset Management & Custody Banks,"New York City, New York",1988,1025.44,25.816715,0.0222,39.72,917.39,1219.94,166738919424.0,10341000192.0,6.5035853,2.8104255
BX,Blackstone Inc.,Financials,Asset Management & Custody Banks,"New York City, New York",1985,124.56,31.218044,0.0407,3.99,101.73,190.09,152244961280.0,,10.574447,11.688092
BA,Boeing,Industrials,Aerospace & Defense,"Arlington, Virginia",1916,217.11,86.15476,,2.52,176.77,254.35,171148312576.0,-3259000064.0,1.8565946,28.600975
BKNG,Booking Holdings,Consumer Discretionary,"Hotels, Resorts & Cruise Lines","Norwalk, Connecticut",1996,174.85,23.067284,0.0091,7.58,150.14,231.8,135487504384.0,10378000384.0,4.8935423,-15.632544
BSX,Boston Scientific,Health Care,Health Care Equipment,"Marlborough, Massachusetts",1979,42.63,18.697369,,2.28,42.25,109.5,63363321856.0,5500000256.0,3.0738003,2.4497185
BMY,Bristol Myers Squibb,Health Care,Pharmaceuticals,"New York City, New York",1989 (1887),56.95,15.952381,0.0425,3.57,42.52,62.89,116295958528.0,18973999104.0,2.398745,5.794668
AVGO,Broadcom,Information Technology,Semiconductors,"Palo Alto, California",1961,389.11,64.10378,0.0068,6.07,273.0,495.0,1851221999616.0,42083999744.0,24.530869,21.112858
BR,Broadridge Financial Solutions,Industrials,Data Processing & Outsourced Services,"Lake Success, New York",1962,146.02,15.617112,0.0258,9.35,133.83,271.91,16888424448.0,1761900032.0,2.3064373,5.9935145
BRO,Brown & Brown,Financials,Insurance Brokers,"Daytona Beach, Florida",1939,68.5,22.312704,0.0093,3.07,53.81,108.08,23217926144.0,2486000128.0,3.7101192,1.8228266
BLDR,Builders FirstSource,Industrials,Building Products,"Irving, Texas",1998,75.16,28.044777,,2.68,65.1,151.03,8084200448.0,1207911936.0,0.54548454,2.0181515
BG,Bunge Global,Consumer Staples,Agricultural Products & Services,"Chesterfield, Missouri",1818,116.63,30.692104,0.0245,3.8,71.6,134.87,22628331520.0,2233999872.0,0.2809333,1.4102781
BXP,"BXP, Inc.",Real Estate,Office REITs,"Boston, Massachusetts",1970,67.72,34.03015,0.0418,1.99,49.72,79.33,12075249664.0,1597104000.0,3.823002,2.0856817
CHRW,C.H. Robinson,Industrials,Air Freight & Logistics,"Eden Prairie, Minnesota",1905,199.61,40.488846,0.0128,5.01,96.27,203.34,23528638464.0,887430976.0,1.4524786,13.8397
CDNS,Cadence Design Systems,Information Technology,Application Software,"San Jose, California",1988,376.8,87.6279,,4.3,262.75,416.69,103927463936.0,2014227968.0,18.79811,15.839253
CPT,Camden Property Trust,Real Estate,Multi-Family Residential REITs,"Houston, Texas",1981,112.98,31.470755,0.0371,3.59,96.53,119.81,11195255808.0,840089984.0,7.0638146,2.9156883
COF,Capital One,Financials,Consumer Finance,"Tysons Corner, Virginia",1994,205.29,63.166153,0.0158,3.28,174.24,259.64,126462631936.0,,3.4827638,1.1831934
CAH,Cardinal Health,Health Care,Health Care Distributors,"Dublin, Ohio",1971,230.11,35.185017,0.0088,6.54,137.75,243.21,53893107712.0,3993999872.0,0.2149405,-19.09468
CCL,Carnival Corporation,Consumer Discretionary,"Hotels, Resorts & Cruise Lines","Miami, Florida",1972,26.5,11.936936,0.0169,2.22,23.45,34.03,36295704576.0,7302000128.0,1.3289775,2.8036397
CARR,Carrier Global,Industrials,Building Products,"Palm Beach Gardens, Florida","2020 (1915, United Technologies spinoff)",69.76,46.506668,0.014,1.5,50.24,81.09,57941291008.0,3140999936.0,2.6493502,4.311496
CAT,Caterpillar Inc.,Industrials,Construction Machinery & Heavy Transportation Equipment,"Irving, Texas",1925,933.34,46.388668,0.007,20.12,403.02,1073.46,429888929792.0,14556999680.0,6.0757394,23.039175
CBOE,Cboe Global Markets,Financials,Financial Exchanges & Data,"Chicago, Illinois",1973,274.98,23.462458,0.0104,11.72,227.15,371.18,28777699328.0,1784199936.0,6.005363,5.3564754
CBRE,CBRE Group,Real Estate,Real Estate Services,"Dallas, Texas",1906,133.13,31.547396,,4.22,121.69,174.27,38982672384.0,2200000000.0,0.9237162,4.5758576
CDW,CDW Corporation,Information Technology,Technology Distributors,"Vernon Hills, Illinois",1984,139.38,17.576294,0.0175,7.93,97.12,183.66,17806276608.0,1982200064.0,0.7774037,6.981567
COR,Cencora,Health Care,Health Care Distributors,"Conshohocken, Pennsylvania",1985,302.28,23.18098,0.0078,13.04,244.82,377.54,58811916288.0,5300438016.0,0.17893365,17.309742
CNC,Centene Corporation,Health Care,Managed Health Care,"St. Louis, Missouri",1984,68.72,,,-13.13,25.08,69.355,33933729792.0,2904999936.0,0.19028403,1.5835925
CNP,CenterPoint Energy,Utilities,Multi-Utilities,"Houston, Texas",1882,43.76,26.846624,0.0208,1.63,35.59,45.22,28626454528.0,3664000000.0,3.0414848,2.5002854
CF,CF Industries,Materials,Fertilizers & Agricultural Chemicals,"Deerfield, Illinois",1946,119.19,10.894882,0.0198,10.94,75.42,141.96,18311073792.0,3436999936.0,2.472131,3.4273636
CRL,Charles River Laboratories,Health Care,Life Sciences Tools & Services,"Wilmington, Massachusetts",1947,231.21,,,-3.7,144.26,237.86,11136861184.0,889624000.0,2.7655175,3.7872238
SCHW,Charles Schwab Corporation,Financials,Investment Banking & Brokerage,"Westlake, Texas",1971,101.1,20.099403,0.0125,5.03,83.96,107.5,175826599936.0,,7.088639,4.137508
CHTR,Charter Communications,Communication Services,Cable & Satellite,"Stamford, Connecticut",1993,127.91,3.5550308,,35.98,124.05,402.15,20040730624.0,21974999040.0,0.3668045,0.96008354
CVX,Chevron Corporation,Energy,Integrated Oil & Gas,"Houston, Texas",1879,181.76,31.720766,0.0391,5.73,146.49,214.71,361992781824.0,37906001920.0,1.948922,1.956386
CMG,Chipotle Mexican Grill,Consumer Discretionary,Restaurants,"Newport Beach, California",1993,36.43,33.422016,,1.09,28.04,55.14,46729998336.0,2303996928.0,3.8497055,19.470871
CB,Chubb Limited,Financials,Property & Casualty Insurance,"Zurich, Switzerland",1985,346.22,12.54875,0.0115,27.59,264.1,365.29,134284926976.0,14488999936.0,2.2018254,1.8228533
CHD,Church & Dwight,Consumer Staples,Household Products,"Ewing, New Jersey",1847,95.41,31.38487,0.0127,3.04,81.33,106.04,22606790656.0,1388000000.0,3.6430836,5.399242
CI,Cigna,Health Care,Health Care Services,"Bloomfield, Connecticut",1982,303.35,12.853813,0.0205,23.6,239.51,315.47,80245907456.0,13390000128.0,0.28876653,1.9015948
CINF,Cincinnati Financial,Financials,Property & Casualty Insurance,"Fairfield, Ohio",1950,180.03,10.436522,0.0206,17.25,143.87,194.81,27848253440.0,3648000000.0,2.1541038,1.7711992
CTAS,Cintas,Industrials,Diversified Support Services,"Mason, Ohio",1929,184.33,38.72479,0.0098,4.76,161.16,226.75,73757237248.0,2903095040.0,6.6886578,15.398046
CSCO,Cisco,Information Technology,Communications Equipment,"San Jose, California",1984,117.09,39.691525,0.0141,2.95,65.75,130.37,461502578688.0,17006999552.0,7.597251,9.44198
C,Citigroup,Financials,Diversified Banks,"New York City, New York",1998,133.27,16.473425,0.0171,8.09,87.94,147.96,227302244352.0,,2.8869643,1.1875252
CFG,Citizens Financial Group,Financials,Regional Banks,"Providence, Rhode Island",1828,70.32,16.663507,0.0262,4.22,45.905,72.94,29737058304.0,,3.7713454,1.2450866
CLX,Clorox,Consumer Staples,Household Products,"Oakland, California",1913,94.75,15.406504,0.0522,6.13,84.7,132.03,11457298432.0,1274000000.0,1.6948667,-171.02887
CME,CME Group,Financials,Financial Exchanges & Data,"Chicago, Illinois",1848,243.61,20.928694,0.0212,11.64,218.31,329.16,88021835776.0,4792500224.0,13.052648,3.3111331
CMS,CMS Energy,Utilities,Multi-Utilities,"Jackson, Michigan",1886,75.08,20.972069,0.0301,3.58,68.64,80.36,23193686016.0,3048000000.0,2.6290736,2.509442
KO,Coca-Cola Company (The),Consumer Staples,Soft Drinks & Non-alcoholic Beverages,"Atlanta, Georgia",1886,83.08,26.125786,0.0252,3.13,65.35,85.68,357450252288.0,16714999808.0,7.252866,10.629478
CTSH,Cognizant,Information Technology,IT Consulting & Other Services,"Teaneck, New Jersey",1994,43.03,9.334056,0.0299,4.49,37.08,87.03,20353189888.0,3891000064.0,0.9508171,1.3536129
CL,Colgate-Palmolive,Consumer Staples,Household Products,"New York City, New York",1806,91.03,35.282948,0.0227,2.58,74.55,99.33,72841232384.0,4920999936.0,3.5028243,502.9282
CMCSA,Comcast,Communication Services,Cable & Satellite,"Philadelphia, Pennsylvania",1963,23.19,4.547059,0.0551,5.1,22.13,33.7582,82839986176.0,35371999232.0,0.6612545,0.9396653
COP,ConocoPhillips,Energy,Oil & Gas Exploration & Production,"Houston, Texas",2002,111.87,19.123077,0.0298,5.85,85.57,135.87,136290557952.0,23346999296.0,2.295304,2.1116712
ED,Consolidated Edison,Utilities,Multi-Utilities,"New York City, New York",1823,111.96,18.88027,0.0311,5.93,94.96,116.23,41260584960.0,6016999936.0,2.396781,1.6096846
STZ,Constellation Brands,Consumer Staples,Distillers & Vintners,"Rochester, New York",1945,131.34,12.801169,0.0306,10.26,126.45,178.14,22433443840.0,3455800064.0,2.4769998,2.8075502
CEG,Constellation Energy,Utilities,Electric Utilities,"Baltimore, Maryland",1999,256.43,22.37609,0.0066,11.46,228.63,412.7,91571666944.0,7957000192.0,3.0659814,2.7751262
COO,Cooper Companies (The),Health Care,Health Care Supplies,"San Ramon, California",1958,68.51,60.628323,,1.13,58.89,89.83,13361548288.0,886400000.0,3.158012,1.6206946
CPRT,Copart,Industrials,Diversified Support Services,"Dallas, Texas",1982,27.52,16.987654,,1.62,27.29,50.11,25478332416.0,1961246976.0,5.492361,2.9038725
GLW,Corning Inc.,Information Technology,Electronic Components,"Corning, New York",1851,187.64,87.682236,0.0061,2.14,52.19,271.78,161490075648.0,3907000064.0,9.894619,14.408355
CPAY,Corpay,Financials,Transaction & Payment Processing Services,"Atlanta, Georgia",2000,356.16,21.69062,,16.42,252.84,367.43,23279302656.0,2550661120.0,4.866357,6.7103777
CTVA,Corteva,Materials,Fertilizers & Agricultural Chemicals,"Indianapolis, Indiana",2019,84.91,46.398907,0.0084,1.83,60.535,87.69,56789504000.0,4140999936.0,3.1745489,2.3353229
CSGP,CoStar Group,Real Estate,Real Estate Services,"Washington, D.C.",1987,27.68,395.4286,,0.07,26.68,97.43,11303285760.0,272000000.0,3.3128035,1.4240881
COST,Costco,Consumer Staples,Consumer Staples Merchandise Retail,"Issaquah, Washington",1976,921.75,46.27259,0.0063,19.92,844.06,1096.5,408776605696.0,13790000128.0,1.3923526,24.72638
CRWD,CrowdStrike,Information Technology,Systems Software,"Austin, Texas",2011,210.73,,,-0.04,85.68,210.95,214577774592.0,59319000.0,42.12198,46.304108
CCI,Crown Castle,Real Estate,Telecom Tower REITs,"Houston, Texas",1994,79.05,33.6383,0.0532,2.35,73.75,115.76,34501529600.0,2729999872.0,8.189302,-17.949593
CSX,CSX Corporation,Industrials,Rail Transportation,"Jacksonville, Florida",1980,49.92,30.625767,0.0113,1.64,31.8,50.31,92758286336.0,6624999936.0,6.5548925,6.8318048
CMI,Cummins,Industrials,Construction Machinery & Heavy Transportation Equipment,"Columbus, Indiana",1919,675.54,35.056564,0.012,19.27,339.74,737.76,93217136640.0,5004000256.0,2.7502549,7.5473423
CVS,CVS Health,Health Care,Health Care Services,"Woonsocket, Rhode Island",1996,106.18,46.570175,0.0251,2.28,58.5,106.9,135477960704.0,15411999744.0,0.3340038,1.74509
DHR,Danaher Corporation,Health Care,Life Sciences Tools & Services,"Washington, D.C.",1969,199.05,38.72568,0.008,5.14,160.93,242.8,140881739776.0,7935000064.0,5.685759,2.660456
DRI,Darden Restaurants,Consumer Discretionary,Restaurants,"Orlando, Florida",1938,195.74,18.839268,0.0311,10.39,169.0,220.65,22419081216.0,2148900096.0,1.6970139,10.135142
DVA,DaVita,Health Care,Health Care Services,"Denver, Colorado",1979,232.41,22.674147,,10.25,101.0,239.64,14917235712.0,2792761088.0,1.0782176,-20.360052
DECK,Deckers Brands,Consumer Discretionary,Footwear,"Goleta, California",1973,106.6,15.185185,,6.94,78.91,126.5,14804710400.0,1338675968.0,2.7053928,5.9696474
DE,Deere & Company,Industrials,Agricultural & Farm Machinery,"Moline, Illinois",1837,584.4,33.223423,0.0111,17.59,433.0,674.19,157850714112.0,8613999616.0,3.3325188,5.7561045
DELL,Dell Technologies,Information Technology,"Technology Hardware, Storage & Peripherals","Round Rock, Texas",2016,457.54,34.017845,0.0059,13.45,110.22,469.47,295636008960.0,14065000448.0,2.2062058,-211.53027
DAL,Delta Air Lines,Industrials,Passenger Airlines,"Atlanta, Georgia",1929,85.51,14.27546,0.009,5.99,50.45,95.68,56233349120.0,7506999808.0,0.82348543,2.5637875
DVN,Devon Energy,Energy,Oil & Gas Exploration & Production,"Oklahoma City, Oklahoma",1971,43.4,12.191011,0.0238,3.56,31.45,52.71,50057699328.0,6721999872.0,3.1280196,1.7469007
DXCM,Dexcom,Health Care,Health Care Equipment,"San Diego, California",1999,74.12,31.811161,,2.33,54.11,89.98,28600907776.0,1292300032.0,5.9363847,9.673715
FANG,Diamondback Energy,Energy,Oil & Gas Exploration & Production,"Midland, Texas",2007,190.69,196.58763,0.023,0.97,134.3,214.51,53643636736.0,10149000192.0,3.7100518,1.470772
DLR,Digital Realty,Real Estate,Data Center REITs,"Austin, Texas",2004,173.11,47.168938,0.0274,3.67,146.23,208.14,65135927296.0,2888658944.0,10.316033,2.6682801
DG,Dollar General,Consumer Staples,Consumer Staples Merchandise Retail,"Goodlettsville, Tennessee",1939,120.14,17.46221,0.0191,6.88,95.11,158.23,26501279744.0,3387527936.0,0.6152307,2.9967573
DLTR,Dollar Tree,Consumer Staples,Consumer Staples Merchandise Retail,"Chesapeake, Virginia",1986,124.56,20.286646,,6.14,84.71,142.4,23937267712.0,2405299968.0,1.2121425,6.8688645
D,Dominion Energy,Utilities,Multi-Utilities,"Richmond, Virginia",1983,71.3,21.032448,0.0377,3.42,55.85,71.56,62709243904.0,8240000000.0,3.5938587,2.225899
DPZ,Domino's,Consumer Discretionary,Restaurants,"Ann Arbor, Michigan",1960,309.85,17.827965,0.0257,17.38,282.0,496.0,10306190336.0,1021726976.0,2.0701265,-2.6571705
DOV,Dover Corporation,Industrials,Industrial Machinery & Supplies & Components,"Downers Grove, Illinois",1955,214.15,26.802254,0.0097,7.99,158.97,237.54,28837740544.0,1865912960.0,3.482762,3.8502338
DOW,Dow Inc.,Materials,Commodity Chemicals,"Midland, Michigan",2019 (1897),30.31,,0.0461,-3.99,20.402,42.74,21845671936.0,2641999872.0,0.55543137,1.4326228
DHI,D. R. Horton,Consumer Discretionary,Homebuilding,"Arlington, Texas",1978,149.99,13.991605,0.0121,10.72,129.11,184.55,42534109184.0,4268600064.0,1.2754468,1.808961
DTE,DTE Energy,Utilities,Multi-Utilities,"Detroit, Michigan",1995,149.07,24.76246,0.0309,6.02,126.23,155.75,31010783232.0,3547000064.0,1.8777343,2.5165017
DUK,Duke Energy,Utilities,Electric Utilities,"Charlotte, North Carolina",1904,126.37,19.531685,0.0336,6.47,113.9,134.49,98517573632.0,16478000128.0,3.0110204,1.8382161
DD,DuPont,Materials,Specialty Chemicals,"Wilmington, Delaware",2017 (1802),134.17,116.66956,0.0181,1.15,86.58578,157.98,18115553280.0,1552999936.0,2.6186113,1.3055874
ETN,Eaton Corporation,Industrials,Electrical Components & Equipment,"Dublin, Ireland",1911,415.52,39.38578,0.0109,10.55,311.92,436.74,161346404352.0,6343000064.0,5.6569104,8.18146
EBAY,eBay Inc.,Consumer Discretionary,Broadline Retail,"San Jose, California",1995,112.54,26.605202,0.0108,4.23,75.78,119.31,49967759360.0,2980999936.0,4.306081,11.37687
ECL,Ecolab,Materials,Specialty Chemicals,"Saint Paul, Minnesota",1923,269.75,36.50203,0.0107,7.39,243.15,309.27,75917770752.0,4040900096.0,4.614417,7.588758
EIX,Edison International,Utilities,Electric Utilities,"Rosemead, California",1886,76.58,8.261057,0.0462,9.27,50.19,77.9499,29467521024.0,8573000192.0,1.5027549,1.7095659
EW,Edwards Lifesciences,Health Care,Health Care Equipment,"Irvine, California",1958,90.09,48.697296,,1.82,72.3,96.29,51873820672.0,1903600000.0,8.229368,5.0332417
EA,Electronic Arts,Communication Services,Interactive Home Entertainment,"Redwood City, California",1982,206.65,58.87464,0.0037,3.51,146.97,206.82,51817791488.0,1484999936.0,6.880599,7.659661
ELV,Elevance Health,Health Care,Managed Health Care,"Indianapolis, Indiana",2014 (1946),426.79,18.01562,0.0162,23.69,273.71,434.38,92682739712.0,8541000192.0,0.4624518,2.1131356
EMR,Emerson Electric,Industrials,Electrical Components & Equipment,"Ferguson, Missouri",1890,136.09,31.357141,0.0164,4.34,122.64,165.15,76224004096.0,5874999808.0,4.1616077,3.7543104
ETR,Entergy,Utilities,Electric Utilities,"New Orleans, Louisiana",1913,115.41,29.441326,0.0223,3.92,81.91,118.45,53849743360.0,5490236928.0,4.0526805,3.0460029
EOG,EOG Resources,Energy,Oil & Gas Exploration & Production,"Houston, Texas",1999,138.01,13.732338,0.0292,10.05,101.59,151.87,73508061184.0,12586000384.0,3.118713,2.388212
EQT,EQT Corporation,Energy,Oil & Gas Exploration & Production,"Pittsburgh, Pennsylvania",1888,49.81,9.451613,0.0133,5.27,47.94,68.24,31155060736.0,7665675776.0,3.3270652,1.2403197
EFX,Equifax,Industrials,Research & Consulting Services,"Atlanta, Georgia",1899,166.93,30.406193,0.013,5.49,150.75,271.84,20137533440.0,1928899968.0,3.205899,4.385854
EQIX,Equinix,Real Estate,Data Center REITs,"Redwood City, California",1998,1023.54,70.83321,0.019,14.45,720.62,1128.68,100945862656.0,4281999872.0,10.596879,7.0600653
EQR,Equity Residential,Real Estate,Multi-Family Residential REITs,"Chicago, Illinois",1969,68.72,27.821863,0.0403,2.47,57.57,71.5,26551758848.0,1892307968.0,8.529329,2.41674
ERIE,Erie Indemnity,Financials,Insurance Brokers,"Erie, Pennsylvania",1925,238.47,22.646725,0.0237,10.53,204.63,380.67,12469564416.0,826961984.0,3.0489647,5.298274
ESS,Essex Property Trust,Real Estate,Multi-Family Residential REITs,"San Mateo, California",1971,298.13,33.46016,0.0348,8.91,238.46,303.35,20548966400.0,1278588032.0,10.452053,3.5272472
EL,Estée Lauder Companies (The),Consumer Staples,Personal Care Products,"New York City, New York",1946,80.86,,0.0173,-0.7,66.22,121.64,29254735872.0,2350000128.0,1.9722736,7.3262663
EG,Everest Group,Financials,Reinsurance,"Hamilton, Bermuda",1973,371.85,7.6923876,0.0212,48.34,302.44,379.22,14714699776.0,,0.84874547,0.96786535
EVRG,Evergy,Utilities,Electric Utilities,"Kansas City, Missouri",1909,86.45,22.99202,0.0322,3.76,67.3,88.62,19927851008.0,2787000064.0,3.3043463,1.9620525
ES,Eversource Energy,Utilities,Electric Utilities,"Hartford, Connecticut",1966,74.64,16.017168,0.0421,4.66,61.53,76.41,28070612992.0,4898722816.0,2.0146492,1.6975983
EXC,Exelon,Utilities,Electric Utilities,"Chicago, Illinois",2000,46.92,17.25,0.0357,2.72,42.47,50.65,48008925184.0,8248999936.0,1.9369372,1.6376963
EXPE,Expedia Group,Consumer Discretionary,"Hotels, Resorts & Cruise Lines","Seattle, Washington",1996,266.28,23.481482,0.0066,11.34,174.05,303.8,31959480320.0,2596999936.0,2.1066165,55.475
EXPD,Expeditors International,Industrials,Air Freight & Logistics,"Seattle, Washington",1979,178.22,28.333864,0.0092,6.29,110.48,178.64,23309596672.0,1137555968.0,2.0839021,10.299949
EXR,Extra Space Storage,Real Estate,Self-Storage REITs,"Salt Lake City, Utah",1977,145.5,32.696632,0.0446,4.45,125.71,155.19,32110964736.0,2284812032.0,9.231472,2.304841
XOM,ExxonMobil,Energy,Integrated Oil & Gas,"Irving, Texas",1999,145.09,24.425924,0.0285,5.96,105.53,176.41,601390383104.0,56007000064.0,1.8447105,2.364146
FFIV,"F5, Inc.",Information Technology,Communications Equipment,"Seattle, Washington",1996,431.26,35.43632,,12.46,223.76,432.74,24331366400.0,903073984.0,7.5454874,6.7063727
FDS,FactSet,Financials,Financial Exchanges & Data,"Norwalk, Connecticut",1978,252.61,16.640974,0.0176,14.58,185.0,441.43,8984212480.0,932542016.0,3.6843815,4.447046
FICO,Fair Isaac,Information Technology,Application Software,"Bozeman, Montana",1956,1210.52,40.48562,,29.9,870.01,1998.01,28073056256.0,1163016960.0,12.444822,-13.417573
FAST,Fastenal,Industrials,Trading Companies & Distributors,"Winona, Minnesota",1967,45.74,41.581818,0.0204,1.1,38.97,50.63,52511125504.0,1888499968.0,6.219634,13.162591
FRT,Federal Realty Investment Trust,Real Estate,Retail REITs,"Rockville, Maryland",1962,122.11,21.126297,0.0371,5.78,89.99,126.41,10613605376.0,836086016.0,8.084653,3.3474054
FDX,FedEx,Industrials,Air Freight & Logistics,"Memphis, Tennessee",1971,313.66,16.918015,0.0156,18.54,174.13376,345.37,74841391104.0,11877000192.0,0.79013294,2.3886075
FIS,Fidelity National Information Services,Financials,Transaction & Payment Processing Services,"Jacksonville, Florida",1968,40.58,8.116,0.0401,5.0,37.42,82.62,20974956544.0,3308000000.0,1.8334752,1.3131412
FITB,Fifth Third Bancorp,Financials,Regional Banks,"Cincinnati, Ohio",1858,57.05,19.208754,0.028,2.97,40.05,58.52,51705073664.0,,5.7450085,1.6187612
FSLR,First Solar,Information Technology,Semiconductors,"Tempe, Arizona",1999,220.58,14.258565,,15.47,165.57,320.95,23702063104.0,2272688896.0,4.3738427,2.3993301
FE,FirstEnergy,Utilities,Electric Utilities,"Akron, Ohio",1997,49.23,26.755434,0.0384,1.87,40.01,52.34,28476166144.0,5169999872.0,1.8565762,2.2504115
F,Ford Motor Company,Consumer Discretionary,Automobile Manufacturers,"Dearborn, Michigan",1903,13.94,,0.0433,-1.56,10.68,17.78,55546613760.0,7577999872.0,0.29256463,1.4831364
FTNT,Fortinet,Information Technology,Systems Software,"Sunnyvale, California",2000,166.83,64.41313,,2.59,70.12,167.27,122227728384.0,2361400064.0,17.19217,123.76112
FTV,Fortive,Industrials,Industrial Machinery & Supplies & Components,"Everett, Washington",2016,60.68,35.69412,0.0039,1.7,46.34,64.335,18498967552.0,1190200064.0,4.3677025,3.0484803
FOXA,Fox Corporation (Class A),Communication Services,Broadcasting,"New York City, New York",2019,54.87,14.710455,0.01,3.73,48.34,76.39,23039946752.0,3548999936.0,1.4221312,2.1048794
FOX,Fox Corporation (Class B),Communication Services,Broadcasting,"New York City, New York",2019,49.5,13.2,0.0112,3.75,44.08,68.175,20785082368.0,3548999936.0,1.2829506,1.8988798
BEN,Franklin Resources,Financials,Asset Management & Custody Banks,"San Mateo, California",1947,33.14,25.10606,0.0402,1.32,21.11,34.92,17220773888.0,1786899968.0,1.907126,1.4203668
FCX,Freeport-McMoRan,Materials,Copper,"Phoenix, Arizona",1912,61.95,32.77778,0.01,1.89,35.15,72.28,89056829440.0,9783000064.0,3.3706834,4.5642085
GRMN,Garmin,Consumer Discretionary,Consumer Electronics,"Schaffhausen, Switzerland",1989,241.39,26.940847,0.0172,8.96,186.67,273.32,46553559040.0,2166502912.0,6.2371554,5.0225754
IT,Gartner,Information Technology,IT Consulting & Other Services,"Stamford, Connecticut",1979,132.97,13.139328,,10.12,124.25,374.9,8902592512.0,1336962944.0,1.375101,142.36617
GE,GE Aerospace,Industrials,Aerospace & Defense,"Evendale, Ohio",1892,353.73,43.832718,0.0053,8.07,254.66,382.97,369587585024.0,11036999680.0,7.649858,20.438553
GEHC,GE HealthCare,Health Care,Health Care Equipment,"Chicago, Illinois",1994,61.66,14.786571,0.0021,4.17,58.75,89.77,28048627712.0,3521999872.0,1.336986,2.6292
GEV,GE Vernova,Industrials,Heavy Electrical Equipment,"Cambridge, Massachusetts",2024,1066.01,30.483557,0.0019,34.97,530.16,1195.94,286458216448.0,3415000064.0,7.2751293,20.57577
GEN,Gen Digital,Information Technology,Systems Software,"Tempe, Arizona",1982,26.57,16.710691,0.0191,1.59,17.78,32.22,16006667264.0,2388999936.0,3.2013335,6.0856614
GNRC,Generac,Industrials,Heavy Electrical Equipment,"Waukesha, Wisconsin",1959,225.12,70.35,,3.17,134.8,296.44,13252516864.0,527512000.0,3.0631807,4.9451923
GD,General Dynamics,Industrials,Aerospace & Defense,"Reston, Virginia",1899,369.5,23.475224,0.0171,15.74,293.95,380.71,99923951616.0,6487000064.0,1.8570464,3.8258042
GIS,General Mills,Consumer Staples,Packaged Foods & Meats,"Golden Valley, Minnesota",1856,36.46,,0.0667,-0.16,31.75,51.68,19459006464.0,3449600000.0,1.0561427,3.5213442
GM,General Motors,Consumer Discretionary,Automobile Manufacturers,"Detroit, Michigan",1908,76.87,28.054745,0.0094,2.74,48.87,87.62,69311004672.0,18289999872.0,0.3754191,1.1065686
GPC,Genuine Parts Company,Consumer Discretionary,Distributors,"Atlanta, Georgia",1925,122.16,277.63638,0.0344,0.44,90.78,151.57,16995158016.0,2034494976.0,0.6880906,3.756573
GILD,Gilead Sciences,Health Care,Biotechnology,"Foster City, California",1987,130.04,17.887207,0.025,7.27,107.75,157.29,161453735936.0,14737999872.0,5.4295716,6.86843
GPN,Global Payments,Financials,Transaction & Payment Processing Services,"Atlanta, Georgia",2000,75.89,28.211895,0.013,2.69,61.16,90.64,20759218176.0,3920230912.0,2.344286,0.87204826
GL,Globe Life,Financials,Life & Health Insurance,"McKinney, Texas",1900,178.99,12.361189,0.0074,14.48,117.74,182.32,13897635840.0,1638151936.0,2.2882361,2.2911894
GDDY,GoDaddy,Information Technology,Internet Services & Infrastructure,"Tempe, Arizona",1997,91.1,14.4145565,,6.32,71.59,171.42,12062536704.0,1311699968.0,2.401126,50.922302
GS,Goldman Sachs,Financials,Investment Banking & Brokerage,"New York City, New York",1869,1140.0,19.121101,0.0172,59.62,691.3,1143.785,336308469760.0,,5.4654975,3.1998115
HAL,Halliburton,Energy,Oil & Gas Equipment & Services,"Houston, Texas",1919,35.42,19.569061,0.0193,1.81,20.17,43.59,29589786624.0,4123000064.0,1.3347371,2.7436094
HIG,Hartford (The),Financials,Property & Casualty Insurance,"Hartford, Connecticut",1810,138.15,9.91033,0.017,13.94,119.61,144.5,37871169536.0,5520999936.0,1.3153822,2.0467575
HAS,Hasbro,Consumer Discretionary,Leisure Products,"Pawtucket, Rhode Island",1923,78.42,,0.0352,-1.58,69.5,106.98,11095699456.0,1270200064.0,2.30469,17.126009
HCA,HCA Healthcare,Health Care,Health Care Facilities,"Nashville, Tennessee",1968,363.6,12.524974,0.008,29.03,330.0,556.52,80660955136.0,15566000128.0,1.0559375,-12.837171
DOC,Healthpeak Properties,Real Estate,Health Care REITs,"Denver, Colorado",1985,21.66,67.6875,0.0561,0.32,15.7,22.13,14932831232.0,1543782016.0,5.198413,1.924136
HSIC,Henry Schein,Health Care,Health Care Distributors,"Melville, New York",1932,86.91,25.943285,,3.35,61.95,89.29,9900506112.0,1048000000.0,0.739727,3.04488
HSY,Hershey Company (The),Consumer Staples,Packaged Foods & Meats,"Hershey, Pennsylvania",1894,171.46,31.988806,0.0331,5.36,161.29,239.48,34779525120.0,2260761088.0,2.9003909,7.346817
HPE,Hewlett Packard Enterprise,Information Technology,"Technology Hardware, Storage & Peripherals","Houston, Texas",2015,49.56,46.317757,0.0121,1.07,19.635,64.25,65627529216.0,5631000064.0,1.6916928,2.5929995
HLT,Hilton Worldwide,Consumer Discretionary,"Hotels, Resorts & Cruise Lines","Tysons Corner, Virginia",1919,325.86,49.749615,0.0019,6.61,253.54,358.0,74181492736.0,3003000064.0,14.628572,-12.599954
HD,Home Depot (The),Consumer Discretionary,Home Improvement Retail,"Atlanta, Georgia",1978,337.74,23.919264,0.0276,14.12,289.1,426.75,336766173184.0,24945999872.0,2.0215027,24.269903
HON,Honeywell Technologies,Industrials,Industrial Conglomerates,"Charlotte, North Carolina",1906,222.68,17.757576,0.0428,12.54,195.86786,260.28317,70550937600.0,8526000128.0,1.8733653,5.191402
HRL,Hormel Foods,Consumer Staples,Packaged Foods & Meats,"Austin, Minnesota",1891,24.81,28.848837,0.0478,0.86,19.7,30.09,13652551680.0,1251180032.0,1.1174338,1.7175493
HST,Host Hotels & Resorts,Real Estate,Hotel & Resort REITs,"Bethesda, Maryland",1993,23.38,15.904761,0.0347,1.47,15.12,25.41,16220255232.0,1668999936.0,2.6259115,2.3455055
HWM,Howmet Aerospace,Industrials,Aerospace & Defense,"Pittsburgh, Pennsylvania",1888,276.78,64.2181,0.0018,4.31,169.45,290.63,110741749760.0,2560999936.0,12.842602,20.098759
HPQ,HP Inc.,Information Technology,"Technology Hardware, Storage & Peripherals","Palo Alto, California",1939 (2015),24.63,9.122222,0.0484,2.7,17.56,29.65,22524692480.0,4712000000.0,0.39230007,-156.87897
HUBB,Hubbell Incorporated,Industrials,Industrial Machinery & Supplies & Components,"Shelton, Connecticut",1888,483.89,28.581808,0.0119,16.93,403.82,565.4999,25569607680.0,1466700032.0,4.264373,6.7848682
HUM,Humana,Health Care,Managed Health Care,"Louisville, Kentucky",1961,406.77,43.36567,0.0087,9.4,163.11,415.0,48837414912.0,3361999872.0,0.35595784,2.6284943
HBAN,Huntington Bancshares,Financials,Regional Banks,"Columbus, Ohio; Detroit, Michigan",1866,17.85,13.73077,0.0346,1.29,14.89,19.46,36184281088.0,,4.360603,1.2201792
HII,Huntington Ingalls Industries,Industrials,Aerospace & Defense,"Newport News, Virginia",2011,280.0,18.205462,0.0194,15.12,250.91,460.0,11033127936.0,1134000000.0,0.85867596,2.1421797
IBM,IBM,Information Technology,IT Consulting & Other Services,"Armonk, New York",1911,217.07,25.719196,0.0233,8.44,212.34,332.46,204020908032.0,16611000320.0,2.9606438,6.1873274
IEX,IDEX Corporation,Industrials,Industrial Machinery & Supplies & Components,"Northbrook, Illinois",1988,222.74,32.949703,0.0132,6.79,157.25,230.18,16486114304.0,951600000.0,4.670155,4.0865226
IDXX,Idexx Laboratories,Health Care,Health Care Equipment,"Westbrook, Maine",1983,540.68,41.49501,,13.03,506.91,769.98,42650460160.0,1545885952.0,9.592792,27.532333
ITW,Illinois Tool Works,Industrials,Industrial Machinery & Supplies & Components,"Glenview, Illinois",1912,272.28,25.187788,0.0237,10.81,238.82,303.16,78334959616.0,4728000000.0,4.8292313,24.260893
INCY,Incyte,Health Care,Biotechnology,"Wilmington, Delaware",1991,114.88,16.225988,,7.08,67.17,118.97,22950973440.0,1548935040.0,4.2810836,4.085203
IR,Ingersoll Rand,Industrials,Industrial Machinery & Supplies & Components,"Davidson, North Carolina",1859,79.01,53.385136,0.001,1.48,68.07,100.96,30919524352.0,2021799936.0,3.973568,3.0383787
PODD,Insulet Corporation,Health Care,Health Care Equipment,"Acton, Massachusetts",2000,159.12,37.885715,,4.2,138.79,354.88,11021393920.0,602000000.0,3.7994325,8.461129
INTC,Intel,Information Technology,Semiconductors,"Santa Clara, California",1968,107.76,,,-0.6,18.97,142.35,541601759232.0,14174000128.0,10.073875,4.8590884
ICE,Intercontinental Exchange,Financials,Financial Exchanges & Data,"Atlanta, Georgia",2000,137.61,20.030567,0.0151,6.87,121.79,189.35,77820174336.0,6624000000.0,7.457611,2.6422303
IFF,International Flavors & Fragrances,Materials,Specialty Chemicals,"New York City, New York",1958 (1889),74.67,23.117647,0.0213,3.23,59.14,84.45,19063508992.0,1879000064.0,1.7671032,1.3495635
IP,International Paper,Materials,Paper & Plastic Packaging Products & Materials,"Memphis, Tennessee",1898,36.5,,0.05,-5.12,29.26,56.13,19327369216.0,4007000064.0,0.79402524,1.3049229
INTU,Intuit,Information Technology,Application Software,"Mountain View, California",1983,282.43,17.662914,0.0166,15.99,252.84,813.7,77255049216.0,6409999872.0,3.6919975,3.7549691
ISRG,Intuitive Surgical,Health Care,Health Care Equipment,"Sunnyvale, California",1995,379.5,46.16788,,8.22,378.5,603.88,134404800512.0,3885600000.0,12.701146,7.6966763
IVZ,Invesco,Financials,Asset Management & Custody Banks,"Atlanta, Georgia",1935,28.73,,0.0303,-1.49,16.49,29.82,12735911936.0,1327600000.0,1.9319082,1.3069783
INVH,Invitation Homes,Real Estate,Single-Family Residential REITs,"Dallas, Texas",2012,30.23,31.489584,0.0399,0.96,24.25,32.67,17957888000.0,1492500992.0,6.4609385,1.9751714
IQV,IQVIA,Health Care,Life Sciences Tools & Services,"Durham, North Carolina",1982,207.83,25.785358,,8.06,154.5,247.05,34686828544.0,3000999936.0,2.0855477,5.5757365
IRM,Iron Mountain,Real Estate,Other Specialized REITs,"Portsmouth, New Hampshire",1951,122.66,133.3261,0.0282,0.92,77.77,134.68,36494376960.0,2449746944.0,5.036933,-30.03428
JBHT,J.B. Hunt,Industrials,Cargo Ground Transportation,"Lowell, Arkansas",1961,280.87,43.54574,0.0064,6.45,130.12,294.98,26485815296.0,1608156032.0,2.1827419,7.368628
JBL,Jabil,Information Technology,Electronic Manufacturing Services,"St. Petersburg, Florida",1966,326.82,40.954887,0.001,7.98,189.6,428.93,34246516736.0,2396999936.0,1.019545,25.894938
JKHY,Jack Henry & Associates,Financials,Transaction & Payment Processing Services,"Monett, Missouri",1976,145.37,20.303072,0.0158,6.91,121.04,193.39,10328651776.0,715414016.0,4.1056967,4.849061
J,Jacobs Solutions,Industrials,Construction & Engineering,"Dallas, Texas",1947,129.26,38.12979,0.0114,3.39,105.68,168.44,15263133696.0,1025032000.0,1.1585295,4.6396265
JNJ,Johnson & Johnson,Health Care,Pharmaceuticals,"New Brunswick, New Jersey",1886,253.85,29.380787,0.0208,8.64,154.8,269.43,611072016384.0,34325000192.0,6.341421,7.524826
JCI,Johnson Controls,Industrials,Building Products,"Cork, Ireland",1885,145.24,44.415905,0.0111,3.27,102.09,151.18,88613191680.0,4320000000.0,3.6267831,6.555335
JPM,JPMorgan Chase,Financials,Diversified Banks,"New York City, New York",2000 (1799 / 1871),342.89,16.429804,0.0179,20.87,279.1,344.73,918777692160.0,,5.2937484,2.67092
KVUE,Kenvue,Consumer Staples,Personal Care Products,"Skillman, New Jersey",2022 (Johnson & Johnson spinoff),18.76,22.333334,0.0432,0.84,14.02,22.87,36019363840.0,3470000128.0,2.3554382,3.3954751
KDP,Keurig Dr Pepper,Consumer Staples,Soft Drinks & Non-alcoholic Beverages,"Burlington, Massachusetts",1981,30.26,22.414814,0.0294,1.35,24.88,35.94,41170530304.0,4441999872.0,2.4298,1.6296854
KEY,KeyCorp,Financials,Regional Banks,"Cleveland, Ohio",1825,23.3,14.207316,0.0353,1.64,16.47,23.72,25149290496.0,,3.492472,1.4487346
KEYS,Keysight Technologies,Information Technology,Electronic Equipment & Instruments,"Santa Rosa, California",2014 (1939),325.73,51.53956,,6.32,152.846,374.963,55665745920.0,1430000000.0,9.143519,8.785468
KMB,Kimberly-Clark,Consumer Staples,Household Products,"Irving, Texas",1872,106.82,20.661509,0.0465,5.17,92.42,137.46,35457867776.0,3351000064.0,2.1416929,19.741268
KIM,Kimco Realty,Real Estate,Retail REITs,"Jericho, New York",1958,25.25,29.02299,0.0414,0.87,19.76,26.08,17028341760.0,1311730048.0,7.877991,1.6390783
KMI,Kinder Morgan,Energy,Oil & Gas Storage & Transportation,"Houston, Texas",1997,32.54,21.838926,0.0364,1.49,25.6,34.81,72395833344.0,7437000192.0,4.131239,2.3112438
KKR,KKR & Co.,Financials,Asset Management & Custody Banks,"New York City, New York",1976,97.21,32.95254,0.0077,2.95,82.67,153.87,90642636800.0,,3.5750198,3.0931017
KLAC,KLA Corporation,Information Technology,Semiconductor Materials & Equipment,"Milpitas, California",1975/1977 (1997),230.37,62.94262,0.0041,3.66,83.224,307.37,300926599168.0,5850215936.0,22.977352,51.64089
KHC,Kraft Heinz,Consumer Staples,Packaged Foods & Meats,"Chicago, Illinois; Pittsburgh, Pennsylvania",2015 (1869),25.08,,0.0634,-4.83,21.035,29.19,29739302912.0,5761999872.0,1.1900482,0.7095168
KR,Kroger,Consumer Staples,Food Retail,"Cincinnati, Ohio",1883,58.74,34.350876,0.0243,1.71,54.15,76.58,35986903040.0,8080000000.0,0.24209964,6.348898
LHX,L3Harris,Industrials,Aerospace & Defense,"Melbourne, Florida","2019 (L3 1997, Harris 1895)",290.01,31.4886,0.0173,9.21,260.06,379.23,54027399168.0,2146000000.0,4.2025046,2.8216307
LH,Labcorp,Health Care,Health Care Services,"Burlington, North Carolina",1978,275.68,24.504889,0.0104,11.25,241.81,293.72,22605758464.0,2252999936.0,1.5982352,2.5993323
LRCX,Lam Research,Information Technology,Semiconductor Materials & Equipment,"Fremont, California",1980,346.1,62.472927,0.0032,5.54,90.94,438.5,432822648832.0,7847764992.0,19.962446,40.890835
LVS,Las Vegas Sands,Consumer Discretionary,Casinos & Gaming,"Las Vegas, Nevada",1988,44.78,16.96212,0.024,2.64,44.59,70.45,29672898560.0,4830000128.0,2.1595995,24.781404
LDOS,Leidos,Industrials,Diversified Support Services,"Reston, Virginia",1969,106.56,9.749313,0.0161,10.93,98.86,205.77,13403699200.0,2404000000.0,0.7734837,2.6737592
LEN,Lennar,Consumer Discretionary,Homebuilding,"Miami, Florida",1954,83.71,13.120689,0.0241,6.45,81.18,144.24,20165330944.0,2285495040.0,0.6159754,0.9326916
LLY,Lilly (Eli),Health Care,Pharmaceuticals,"Indianapolis, Indiana",1876,1152.54,42.0175,0.0059,27.43,623.78,1249.45,1027767664640.0,36215001088.0,14.225355,33.00799
LIN,Linde plc,Materials,Industrial Gases,"Guildford, United Kingdom",1879,522.54,34.720264,0.0122,15.05,387.78,548.2,241594941440.0,13589999616.0,6.9714313,6.267873
LYV,Live Nation Entertainment,Communication Services,Movies & Entertainment,"Beverly Hills, California",2010,181.56,,,-1.78,125.34,188.0,42251333632.0,1493752064.0,1.6496489,-300.59604
LMT,Lockheed Martin,Industrials,Aerospace & Defense,"Bethesda, Maryland",1995,514.99,25.182884,0.0265,20.45,410.11,692.0,118737952768.0,7994999808.0,1.5809383,15.81616
L,Loews Corporation,Financials,Multi-line Insurance,"New York City, New York",1959,114.47,14.563613,0.0021,7.86,89.32,119.1,23554363392.0,3182000128.0,1.2721773,1.2593236
LOW,Lowe's,Consumer Discretionary,Home Improvement Retail,"Mooresville, North Carolina",1904/1946/1959,207.68,17.540539,0.0241,11.84,203.4,293.06,116447641600.0,12597000192.0,1.3167746,-12.568385
LULU,Lululemon Athletica,Consumer Discretionary,"Apparel, Accessories & Luxury Goods","Vancouver, Canada",1998,117.32,9.499595,,12.35,104.44,233.75,13322145792.0,2565969920.0,1.1891011,2.7818747
LYB,LyondellBasell,Materials,Specialty Chemicals,"Rotterdam, Netherlands",2007,58.55,,0.0706,-2.13,41.58,83.94,18899048448.0,2220999936.0,0.63691056,1.8822734
MTB,M&T Bank,Financials,Regional Banks,"Buffalo, New York",1856,241.85,13.58708,0.0247,17.8,174.76,246.395,35417739264.0,,3.8042684,1.3912939
MPC,Marathon Petroleum,Energy,Oil & Gas Refining & Marketing,"Findlay, Ohio",2009 (1887),303.4,19.960526,0.0132,15.53,158.0,303.69,88573575168.0,10257999872.0,0.651535,5.3063297
MAR,Marriott International,Consumer Discretionary,"Hotels, Resorts & Cruise Lines","Bethesda, Maryland",1927,363.19,38.030365,0.008,9.55,253.76,410.98,95769075712.0,4735000064.0,13.330885,-23.49376
MLM,Martin Marietta Materials,Materials,Construction Materials,"Raleigh, North Carolina",1993,573.75,35.703175,0.0058,16.07,525.38,710.97,34451333120.0,2110000000.0,5.4254065,3.0501418
MAS,Masco,Industrials,Building Products,"Livonia, Michigan",1929,77.85,18.849878,0.0168,4.13,58.16,83.21,15705025536.0,1448000000.0,2.0451915,-64.87499
MA,Mastercard,Financials,Transaction & Payment Processing Services,"Harrison, New York",1966,538.02,31.171495,0.0065,17.27,464.52,601.77,475385823232.0,21376999424.0,14.007067,71.016365
MKC,McCormick & Company,Consumer Staples,Packaged Foods & Meats,"Hunt Valley, Maryland",1889,52.85,8.942471,0.0357,5.91,44.82,73.84,14208803840.0,1451500032.0,1.9238002,2.0311298
MCD,McDonald's,Consumer Discretionary,Restaurants,"Chicago, Illinois",1940,268.94,22.171476,0.0273,12.13,264.53,341.75,191083446272.0,14869000192.0,6.96216,-148.58565
MCK,McKesson Corporation,Health Care,Health Care Distributors,"Irving, Texas",1833,803.37,20.953835,0.004,37.92,637.0,999.0,94056742912.0,6883999744.0,0.23314264,-44.385082
MDT,Medtronic,Health Care,Health Care Equipment,"Galway, Ireland",1949,79.3,22.40113,0.0345,3.54,73.31,106.33,101507588096.0,10103000064.0,2.7914307,2.0523837
MRK,Merck & Co.,Health Care,Pharmaceuticals,"Kenilworth, New Jersey",1891,120.78,34.022537,0.0274,3.45,76.66,130.29,298305388544.0,29517000704.0,4.5357223,6.501938
META,Meta Platforms,Communication Services,Interactive Media & Services,"Menlo Park, California",2004,661.04,23.864258,0.0032,27.7,520.26,796.25,1677999341568.0,109308000000.0,7.8059916,6.8849006
MET,MetLife,Financials,Life & Health Insurance,"New York City, New York",1868,92.54,17.89942,0.0255,5.15,67.33,93.81,59543642112.0,5943000064.0,0.7674732,2.1879137
MTD,Mettler Toledo,Health Care,Life Sciences Tools & Services,"Columbus, Ohio",1945,1314.83,30.85007,,42.62,1023.05,1525.17,26569558016.0,1217576960.0,6.4965706,-634.26434
MGM,MGM Resorts,Consumer Discretionary,Casinos & Gaming,"Paradise, Nevada",1986,46.67,63.931503,,0.73,29.19,51.59,11940576256.0,2273850880.0,0.6740255,4.90695
MCHP,Microchip Technology,Information Technology,Semiconductors,"Chandler, Arizona",1989,87.11,378.73914,0.0216,0.23,48.52,105.91,47301459968.0,1219100032.0,10.036168,7.3411427
MU,Micron Technology,Information Technology,Semiconductors,"Boise, Idaho",1978,983.12,22.227448,0.0006,46.4,103.38,1255.0,1110328999936.0,68222001152.0,12.299544,15.304575
MSFT,Microsoft,Information Technology,Systems Software,"Redmond, Washington",1975,384.93,22.953487,0.0093,16.77,349.2,555.45,2859427430400.0,184457000000.0,8.984198,6.9012313
MAA,Mid-America Apartment Communities,Real Estate,Multi-Family Residential REITs,"Memphis, Tennessee",1977,133.68,40.50909,0.045,3.3,120.3,153.93,15951584256.0,1239638016.0,7.206316,2.8072827
MRNA,Moderna,Health Care,Biotechnology,"Cambridge, Massachusetts",2010,67.44,,,-8.14,22.28,85.6,26759266304.0,-2299000064.0,12.026637,3.6141481
TAP,Molson Coors Beverage Company,Consumer Staples,Brewers,"Chicago, Illinois","2005 (Molson 1786, Coors 1873)",38.86,,0.0481,-10.28,38.04,54.82,7288245760.0,2444699904.0,0.6514458,0.7257447
MDLZ,Mondelez International,Consumer Staples,Packaged Foods & Meats,"Chicago, Illinois",2012,58.8,29.108912,0.0334,2.02,51.2,71.15,75478605824.0,5216000000.0,1.9203798,2.9312065
MPWR,Monolithic Power Systems,Information Technology,Semiconductors,"Kirkland, Washington",1997,1376.41,92.56288,0.0062,14.87,686.87,1714.09,67623026688.0,857198976.0,22.8681,18.38842
MNST,Monster Beverage,Consumer Staples,Soft Drinks & Non-alcoholic Beverages,"Corona, California",2012 (1935),98.005,46.892345,,2.09,58.09,99.15,95849684992.0,2822268928.0,10.900587,10.9821825
MCO,Moody's Corporation,Financials,Financial Exchanges & Data,"New York City, New York",1909,494.73,35.592087,0.0083,13.9,402.28,546.88,86417670144.0,3814000128.0,10.97646,28.864063
MS,Morgan Stanley,Financials,Investment Banking & Brokerage,"New York City, New York",1935,227.67,20.041374,0.0181,11.36,135.26,232.11,359100448768.0,,4.907487,3.440267
MOS,Mosaic Company (The),Materials,Fertilizers & Agricultural Chemicals,"Tampa, Florida",2004 (1865 / 1909),22.94,163.85715,0.0394,0.14,19.8,37.53,7291402240.0,1993100032.0,0.5866207,0.6177128
MSI,Motorola Solutions,Information Technology,Communications Equipment,"Chicago, Illinois",1928 (2011),413.71,33.309982,0.0116,12.42,359.36,492.22,68674031616.0,3494000128.0,5.786487,27.027502
MSCI,MSCI Inc.,Financials,Financial Exchanges & Data,"New York City, New York",1969,611.43,34.95883,0.0132,17.24,501.08,644.68,44467830784.0,1898999040.0,13.726931,-16.067852
NDAQ,"Nasdaq, Inc.",Financials,Financial Exchanges & Data,"New York City, New York",1971,88.01,26.914373,0.0126,3.27,76.55,101.79,49773248512.0,3216000000.0,9.184951,4.1305676
NTAP,NetApp,Information Technology,"Technology Hardware, Storage & Peripherals","San Jose, California",1992,174.55,27.531546,0.0127,6.34,93.69,192.83,34197823488.0,1884000000.0,4.938314,25.322792
NFLX,Netflix,Communication Services,Movies & Entertainment,"Los Gatos, California",1997,73.53,23.719355,,3.1,70.86,127.75,309620015104.0,14288497664.0,6.603115,9.951279
NEM,Newmont,Materials,Gold,"Denver, Colorado",1921,94.75,12.070064,0.0112,7.85,55.37,134.88,101150621696.0,16339000320.0,4.0515347,2.9109063
NWSA,News Corp (Class A),Communication Services,Publishing,"New York City, New York",2013 (News Corporation 1980),27.6,34.936707,0.0072,0.79,22.2,31.61,14971911168.0,1252000000.0,1.7013535,1.7691174
NWS,News Corp (Class B),Communication Services,Publishing,"New York City, New York",2013 (News Corporation 1980),31.15,39.430378,0.0064,0.79,25.49,35.58,16897645568.0,1252000000.0,1.920187,1.9966669
NEE,NextEra Energy,Utilities,Multi-Utilities,"Juno Beach, Florida",1984 (1925),89.54,22.441103,0.0282,3.99,69.24,98.75,186745110528.0,14158999552.0,6.70154,3.381292
NKE,"Nike, Inc.",Consumer Discretionary,"Apparel, Accessories & Luxury Goods","Washington County, Oregon",1964,42.86,20.409525,0.0375,2.1,40.0,80.17,63470821376.0,4535666688.0,1.3679645,4.274885
NI,NiSource,Utilities,Multi-Utilities,"Merrillville, Indiana",1912,46.62,23.194029,0.0255,1.99,38.45,49.21,22351456256.0,2982700032.0,3.2763307,2.313877
NDSN,Nordson Corporation,Industrials,Industrial Machinery & Supplies & Components,"Westlake, Ohio",1935,286.83,30.611525,0.0114,9.37,207.08,307.74,15981578240.0,911212992.0,5.5039864,4.990778
NSC,Norfolk Southern,Industrials,Rail Transportation,"Atlanta, Georgia",1881/1894 (1980),326.83,27.627218,0.0165,11.83,257.49,329.38,73404055552.0,5586999808.0,6.0241327,4.644649
NTRS,Northern Trust,Financials,Asset Management & Custody Banks,"Chicago, Illinois",1889,186.64,19.523012,0.0174,9.56,118.99,188.5,34537222144.0,,4.1295176,2.8537354
NOC,Northrop Grumman,Industrials,Aerospace & Defense,"West Falls Church, Virginia[3]","1994 (Northrop 1939, Grumman 1930)",528.67,16.510618,0.0173,32.02,493.84,774.0,75088830464.0,7306999808.0,1.7723423,4.387303
NCLH,Norwegian Cruise Line Holdings,Consumer Discretionary,"Hotels, Resorts & Cruise Lines","Miami-Dade County, Florida[4]",2011 (1966),19.46,15.693547,,1.24,14.53,27.18,8934283264.0,2619822080.0,0.8906442,3.6744711
NRG,NRG Energy,Utilities,Independent Power Producers & Energy Traders,"Houston, Texas",1992,138.36,153.73334,0.0136,0.9,120.11,189.96,29192087552.0,2257999872.0,0.9014355,6.9692235
NUE,Nucor,Materials,Steel,"Charlotte, North Carolina",1940,234.16,23.207136,0.0096,10.09,131.32,270.9,53327818752.0,4953999872.0,1.5611187,2.4858015
NVDA,Nvidia,Information Technology,Semiconductors,"Santa Clara, California",1993,211.8,32.434914,0.0049,6.53,164.07,236.54,5130007609344.0,165514000000.0,20.237434,26.245354
NVR,"NVR, Inc.",Consumer Discretionary,Homebuilding,"Reston, Virginia",1980,6378.8,15.723335,,405.69,5501.01,8618.28,17218242560.0,1664343040.0,1.7361833,4.9872947
NXPI,NXP Semiconductors,Information Technology,Semiconductors,"Eindhoven, Netherlands",1953,283.87,27.112701,0.0146,10.47,183.0,339.95,71668965376.0,4160999936.0,5.6812496,6.562861
ORLY,O’Reilly Automotive,Consumer Discretionary,Automotive Retail,"Springfield, Missouri",1957,85.75,28.39404,,3.02,82.71,108.72,71062315008.0,4085121024.0,3.90332,-66.88768
OXY,Occidental Petroleum,Energy,Oil & Gas Exploration & Production,"Houston, Texas",1920,54.57,73.74324,0.019,0.74,38.8,67.45,54277214208.0,10826999808.0,2.5700655,1.7650484
ODFL,Old Dominion,Industrials,Cargo Ground Transportation,"Thomasville, North Carolina",1934,228.61,47.627083,0.005,4.8,126.01,252.03,47543631872.0,1708194944.0,8.713647,10.81512
OMC,Omnicom Group,Communication Services,Advertising,"New York City, New York",1986,80.75,,0.0388,-0.37,66.33,87.17,23014250496.0,3156300032.0,1.1609052,2.438693
ON,ON Semiconductor,Information Technology,Semiconductors,"Phoenix, Arizona",1999,93.73,68.91912,,1.41,44.56,134.92,36478365696.0,2047800064.0,6.016554,5.030323
OKE,Oneok,Energy,Oil & Gas Storage & Transportation,"Tulsa, Oklahoma",1906,91.9,16.410715,0.0464,5.6,64.02,96.07,57900019712.0,7506999808.0,1.6446999,2.5897536
ORCL,Oracle Corporation,Information Technology,Application Software,"Austin, Texas",1977,127.94,21.945112,0.0152,5.83,127.83,345.72,368527474688.0,30493999104.0,5.471257,9.81135
OTIS,Otis Worldwide,Industrials,Industrial Machinery & Supplies & Components,"Farmington, Connecticut","2020 (1853, United Technologies spinoff)",72.56,19.297873,0.0232,3.76,69.16,101.42,27842437120.0,2492999936.0,1.9008969,-4.927339
PCAR,Paccar,Industrials,Construction Machinery & Heavy Transportation Equipment,"Bellevue, Washington",1905,123.94,26.482908,0.0113,4.68,92.25,131.88,65227919360.0,3216600064.0,2.348051,3.3013692
PKG,Packaging Corporation of America,Materials,Paper & Plastic Packaging Products & Materials,"Lake Forest, Illinois",1959,225.76,27.464718,0.0266,8.22,189.03,249.51,20114911232.0,1963299968.0,2.1825838,4.3572917
PLTR,Palantir Technologies,Information Technology,Application Software,"Aventura, Florida",2003,133.72,146.94505,,0.91,106.37,207.52,320568557568.0,2018253056.0,61.362534,37.93475
PANW,Palo Alto Networks,Information Technology,Systems Software,"Santa Clara, California",2005,352.89,304.21555,,1.16,139.57,368.17,287605358592.0,1483500032.0,27.115953,10.369358
PH,Parker Hannifin,Industrials,Industrial Machinery & Supplies & Components,"Cleveland, Ohio",1917,964.55,35.57912,0.0084,27.11,692.02,1034.96,121616629760.0,5479000064.0,5.794855,8.324775
PAYX,Paychex,Industrials,Human Resource & Employment Services,"Penfield, New York",1971,109.52,22.674948,0.043,4.83,85.45,148.11,38945312768.0,1608000000.0,9.814847,10.426504
PYPL,PayPal,Financials,Transaction & Payment Processing Services,"San Jose, California",1998,47.37,8.937736,0.0118,5.3,38.46,79.5,41785335808.0,6572000256.0,1.2386712,2.1102102
PNR,Pentair,Industrials,Industrial Machinery & Supplies & Components,"Worsley, United Kingdom",1966,75.68,19.015076,0.0139,3.98,69.93,113.95,12230306816.0,1100499968.0,2.9103842,3.209908
PEP,PepsiCo,Consumer Staples,Soft Drinks & Non-alcoholic Beverages,"Purchase, New York",1898,135.45,17.752293,0.0427,7.63,133.75,171.48,185024692224.0,18788999168.0,1.9093606,8.665472
PFE,Pfizer,Health Care,Pharmaceuticals,"New York City, New York",1849,24.25,18.511452,0.0703,1.31,23.11,28.75,138211524608.0,25460000768.0,2.182919,1.5338393
PCG,PG&E Corporation,Utilities,Multi-Utilities,"Oakland, California",1905,17.44,13.519381,0.0115,1.29,12.97,19.16,38406799360.0,10312999936.0,1.4867339,1.2127113
PM,Philip Morris International,Consumer Staples,Tobacco,"New York City, New York",2008 (1847),175.95,24.78169,0.0326,7.1,142.11,193.05,274228428800.0,18594000896.0,6.609029,-29.551561
PSX,Phillips 66,Energy,Oil & Gas Refining & Marketing,"Houston, Texas",2012 (1917),201.45,19.615383,0.0256,10.27,118.07,201.655,80768352256.0,7040000000.0,0.60057074,2.831183
PNW,Pinnacle West Capital,Utilities,Multi-Utilities,"Phoenix, Arizona",1985,109.0,20.335821,0.0335,5.36,85.32,110.41,13209401344.0,2133831040.0,2.4205208,1.8688384
PNC,PNC Financial Services,Financials,Diversified Banks,"Pittsburgh, Pennsylvania",1845,251.88,14.627178,0.0316,17.22,176.88,256.2164,101146099712.0,,4.3896403,1.753575
PPG,PPG Industries,Materials,Specialty Chemicals,"Pittsburgh, Pennsylvania",1883,114.66,16.3101,0.0249,7.03,93.39,133.43,25557714944.0,2712999936.0,1.5853678,3.1537259
PPL,PPL Corporation,Utilities,Electric Utilities,"Allentown, Pennsylvania",1920,36.1,22.147238,0.0316,1.63,33.17,40.11,27159846912.0,3652000000.0,2.9166503,1.8079832
PFG,Principal Financial Group,Financials,Life & Health Insurance,"Des Moines, Iowa",1879,112.92,16.17765,0.0289,6.93,75.0,114.9,24392118272.0,2187099904.0,1.5778893,2.0686243
PG,Procter & Gamble,Consumer Staples,Personal Care Products,"Cincinnati, Ohio",1837,146.08,21.356726,0.0287,6.84,137.62,167.25,340161757184.0,25041999872.0,3.9226654,6.3290153
PGR,Progressive Corporation,Financials,Property & Casualty Insurance,"Mayfield Village, Ohio",1937,226.58,11.530789,0.0593,19.65,189.2,254.93,131914874880.0,15148999680.0,1.4753103,4.130074
PLD,Prologis,Real Estate,Industrial REITs,"San Francisco, California",1983,142.49,35.71178,0.0301,3.99,103.41,150.18,135949148160.0,6560574976.0,14.499521,2.4858255
PRU,Prudential Financial,Financials,Life & Health Insurance,"Newark, New Jersey",1875,114.79,11.821834,0.0482,9.71,91.89,119.76,39869452288.0,5103249920.0,0.6299586,1.2468907
PEG,Public Service Enterprise Group,Utilities,Electric Utilities,"Newark, New Jersey",1903,80.5,17.88889,0.0331,4.5,76.05,91.26,40114872320.0,4794999808.0,3.1354442,2.3168802
PTC,PTC Inc.,Information Technology,Application Software,"Boston, Massachusetts",1985,122.51,11.768492,,10.41,108.5,219.69,14150615040.0,1319337984.0,4.7202387,3.665879
PSA,Public Storage,Real Estate,Self-Storage REITs,"Glendale, California",1972,318.93,32.913315,0.0373,9.69,256.54,331.79,55997616128.0,3436876032.0,11.494984,11.485936
PHM,PulteGroup,Consumer Discretionary,Homebuilding,"Atlanta, Georgia",1956,124.56,11.965418,0.0084,10.41,107.16,144.5,23726979072.0,2943536896.0,1.4099807,1.8343544
PWR,Quanta Services,Industrials,Construction & Engineering,"Houston, Texas",1997,660.94,90.41587,0.0007,7.31,363.01,788.75,99180748800.0,2659121920.0,3.2927277,10.9655905
QCOM,Qualcomm,Information Technology,Semiconductors,"San Diego, California",1985,178.1,19.171152,0.02,9.29,121.99,259.92,187717402624.0,12999000064.0,4.219696,6.914357
DGX,Quest Diagnostics,Health Care,Health Care Services,"Secaucus, New Jersey",1967,206.0,22.787611,0.0166,9.04,164.65,219.2,22803464192.0,2225999872.0,2.0219421,3.1042798
RL,Ralph Lauren Corporation,Consumer Discretionary,"Apparel, Accessories & Luxury Goods","New York City, New York",1967,368.97,24.813047,0.01,14.87,273.04,421.6,21959745536.0,1520300032.0,2.7062352,7.804264
RJF,Raymond James Financial,Financials,Investment Banking & Brokerage,"St. Petersburg, Florida",1962,167.43,15.765536,0.0129,10.62,138.82,177.66,32629266432.0,,2.2162104,2.5932405
RTX,RTX Corporation,Industrials,Aerospace & Defense,"Waltham, Massachusetts",1922,193.39,36.3515,0.0149,5.32,143.56,214.5,260435099648.0,15262999552.0,2.8817801,3.9293334
O,Realty Income,Real Estate,Retail REITs,"San Diego, California",1969,63.77,52.702477,0.0507,1.21,55.86,67.94,59465048064.0,5231514112.0,10.029117,1.5189844
REG,Regency Centers,Real Estate,Retail REITs,"Jacksonville, Florida",1963,80.33,27.510273,0.0378,2.92,66.86,81.93,15016486912.0,1050718016.0,9.098315,2.1996768
REGN,Regeneron Pharmaceuticals,Health Care,Biotechnology,"Tarrytown, New York",1988,656.12,16.010736,0.0057,40.98,541.0,821.11,68786987008.0,4382799872.0,4.6105113,2.128014
RF,Regions Financial Corporation,Financials,Regional Banks,"Birmingham, Alabama",1971,30.92,12.829875,0.0341,2.41,22.7,31.53,26386495488.0,,3.6760235,1.5146469
RSG,Republic Services,Industrials,Environmental & Facilities Services,"Phoenix, Arizona",1998 (1981),220.03,32.074345,0.0112,6.86,196.41,246.25,67695329280.0,5194999808.0,4.0548267,5.65688
RMD,ResMed,Health Care,Health Care Equipment,"San Diego, California",1989,193.01,18.630308,0.0121,10.36,180.27,293.81,27997331456.0,2119501056.0,5.055688,4.3122053
RVTY,Revvity,Health Care,Health Care Equipment,"Waltham, Massachusetts",1937,111.21,53.466347,0.0025,2.08,81.22,118.3,12406562816.0,855235008.0,4.274577,1.7283393
ROK,Rockwell Automation,Industrials,Electrical Components & Equipment,"Milwaukee, Wisconsin",1903,469.77,47.838085,0.012,9.82,305.44,497.36,52273164288.0,1968999936.0,5.9374337,14.841716
ROL,"Rollins, Inc.",Industrials,Environmental & Facilities Services,"Atlanta, Georgia",1948,44.29,40.633026,0.0163,1.09,41.5,66.14,21324025856.0,860139008.0,5.5459538,15.432056
ROP,Roper Technologies,Information Technology,Electronic Equipment & Instruments,"Sarasota, Florida",1981,346.65,21.652092,0.0101,16.01,305.96,566.24,34983002112.0,3194700032.0,4.310906,1.8863252
ROST,Ross Stores,Consumer Discretionary,Apparel Retail,"Dublin, California",1982,220.93,30.8993,0.0081,7.15,126.32,242.81,70870163456.0,3430964992.0,2.9807358,11.248981
RCL,Royal Caribbean Group,Consumer Discretionary,"Hotels, Resorts & Cruise Lines","Miami, Florida",1997,283.09,17.272118,0.0173,16.39,232.1,366.5,75923316736.0,6902000128.0,4.1289597,7.7393517
SPGI,S&P Global,Financials,Financial Exchanges & Data,"New York City, New York",1917,438.87,27.706438,0.0089,15.84,361.03122,547.82404,129905516544.0,7872999936.0,8.258456,4.167252
CRM,Salesforce,Information Technology,Application Software,"San Francisco, California",1999,167.56,19.41599,0.0103,8.45,146.32,274.0,137231638528.0,12894999552.0,3.2041755,4.008517
SBAC,SBA Communications,Real Estate,Telecom Tower REITs,"Boca Raton, Florida",1989,187.25,19.710526,0.0267,9.52,162.41,243.16,19860299776.0,1827740032.0,6.9579573,-4.1796875
SLB,Schlumberger,Energy,Oil & Gas Equipment & Services,"Houston, Texas",1926,47.54,20.850878,0.0249,2.28,31.64,58.82,71075045376.0,7510000128.0,1.9776578,2.715175
STX,Seagate Technology,Information Technology,"Technology Hardware, Storage & Peripherals","Dublin, Ireland",1979,878.31,81.9319,0.0034,10.72,138.3,1145.0,196942561280.0,3513999872.0,18.049,179.98155
SRE,Sempra,Utilities,Multi-Utilities,"San Diego, California",1998,93.36,32.193104,0.0279,2.9,73.85,101.04,61030121472.0,5618999808.0,4.5024066,1.8919849
NOW,ServiceNow,Information Technology,Systems Software,"Santa Clara, California",2003,104.85,62.410717,,1.68,81.24,210.2,108132646912.0,2888000000.0,7.745892,9.220015
SHW,Sherwin-Williams,Materials,Specialty Chemicals,"Cleveland, Ohio",1866,328.5,31.647398,0.0097,10.38,289.86,379.65,81019797504.0,4557400064.0,3.3849218,18.178297
SPG,Simon Property Group,Real Estate,Retail REITs,"Indianapolis, Indiana",2003,221.28,15.271222,0.0401,14.49,159.33,229.59,84081885184.0,4915057152.0,12.646581,14.892987
SWKS,Skyworks Solutions,Information Technology,Semiconductors,"Irvine, California",2002,56.58,23.575,0.0488,2.4,51.93,90.9,8509969920.0,909100032.0,2.1041887,1.4758974
SJM,J.M. Smucker Company (The),Consumer Staples,Packaged Foods & Meats,"Orrville, Ohio",1897,108.81,,0.0398,-1.28,88.25,119.39,11629687808.0,1926000000.0,1.2849206,2.0935066
SW,Smurfit Westrock,Materials,Paper & Plastic Packaging Products & Materials,"Dublin, Ireland",1934,42.91,59.59722,0.0419,0.72,32.729,52.65,22504753152.0,4769999872.0,0.7204979,1.2445617
SNA,Snap-on,Industrials,Industrial Machinery & Supplies & Components,"Kenosha, Wisconsin",1920,404.62,20.889002,0.0243,19.37,310.23,414.62,20960090112.0,1403900032.0,4.01442,3.5174866
SOLV,Solventum,Health Care,Health Care Technology,"Saint Paul, Minnesota",2023,76.28,9.475776,,8.05,62.38,88.2,13209767936.0,1124000000.0,1.5988584,2.6638727
SO,Southern Company,Utilities,Electric Utilities,"Atlanta, Georgia",1945,95.96,24.668379,0.0315,3.89,83.8,100.84,108175810560.0,13973999616.0,3.584948,2.91406
LUV,Southwest Airlines,Industrials,Passenger Airlines,"Dallas, Texas",1967,47.56,31.919464,0.015,1.49,28.98,55.11,23246080000.0,2212999936.0,0.8048082,3.381203
SWK,Stanley Black & Decker,Industrials,Industrial Machinery & Supplies & Components,"New Britain, Connecticut",1843,87.37,35.807377,0.0384,2.46,61.9,95.16,13582153728.0,1671500032.0,0.8916738,1.5129005
SBUX,Starbucks,Consumer Discretionary,Restaurants,"Seattle, Washington",1971,106.17,81.669235,0.0231,1.3,77.99,108.88,121001943040.0,5395299840.0,3.145228,-14.291291
STT,State Street Corporation,Financials,Asset Management & Custody Banks,"Boston, Massachusetts",1792,183.65,18.075787,0.0189,10.16,101.98,184.59,50828263424.0,,3.5314572,2.1107254
STLD,Steel Dynamics,Materials,Steel,"Fort Wayne, Indiana",1993,233.35,25.118408,0.009,9.29,119.89,288.74,33652054016.0,2315760128.0,1.7700201,3.677757
STE,Steris,Health Care,Health Care Equipment,"Dublin, Ireland",1985,208.73,26.354797,0.0116,7.92,195.14,269.44,20342341632.0,1597900032.0,3.427002,2.8417196
SYK,Stryker Corporation,Health Care,Health Care Equipment,"Kalamazoo, Michigan",1941,311.07,35.961853,0.0106,8.65,281.0,404.87,119252033536.0,6918000128.0,4.719115,5.189603
SMCI,Supermicro,Information Technology,"Technology Hardware, Storage & Peripherals","San Jose, California",1993,27.65,14.552631,,1.9,19.48,62.36,17886038016.0,1578648960.0,0.5307397,2.194967
SYF,Synchrony Financial,Financials,Consumer Finance,"Stamford, Connecticut",2003,73.68,7.6273293,0.0164,9.66,63.08,88.77,24783759360.0,,2.5054348,1.6276759
SNPS,Synopsys,Information Technology,Application Software,"Sunnyvale, California",1986,425.9,97.23744,,4.38,376.18,651.73,81551048704.0,1696253056.0,9.395953,2.6752343
SYY,Sysco,Consumer Staples,Food Distributors,"Houston, Texas",1969,82.85,23.01389,0.0264,3.6,68.19,91.85,39617425408.0,4565000192.0,0.4740798,17.246044
TMUS,T-Mobile US,Communication Services,Wireless Telecommunication Services,"Bellevue, Washington",1994,187.13,20.035332,0.0217,9.34,165.66,261.56,202512957440.0,33884999680.0,2.2369707,3.636417
TROW,T. Rowe Price,Financials,Asset Management & Custody Banks,"Baltimore, Maryland",1937,116.07,12.453863,0.0458,9.32,85.22,121.17,24869924864.0,2928600064.0,3.3572166,2.31418
TTWO,Take-Two Interactive,Communication Services,Interactive Home Entertainment,"New York City, New York",1993,237.04,,,-1.56,187.63,265.94,44010422272.0,788499968.0,6.6117454,12.517294
TPR,"Tapestry, Inc.",Consumer Discretionary,"Apparel, Accessories & Luxury Goods","New York City, New York",2017,135.36,41.26829,0.0118,3.28,92.62,161.97,27348772864.0,1970400000.0,3.483565,40.130447
TRGP,Targa Resources,Energy,Oil & Gas Storage & Transportation,"Houston, Texas",2005,281.6,28.793457,0.0152,9.78,144.14,282.5669,60443725824.0,5217399808.0,3.6496527,19.278429
TGT,Target Corporation,Consumer Staples,Consumer Staples Merchandise Retail,"Minneapolis, Minnesota",1902,134.0,17.795485,0.0344,7.53,83.44,142.82,60861607936.0,8344000000.0,0.5721313,3.712117
TEL,TE Connectivity,Information Technology,Electronic Manufacturing Services,"Galway, Ireland",2007,200.98,20.239677,0.015,9.93,173.54,252.56,58665218048.0,4730999808.0,3.1378486,4.4366446
TDY,Teledyne Technologies,Information Technology,Electronic Equipment & Instruments,"Thousand Oaks, California",1960,623.1,31.613394,,19.71,483.02,693.38,28867684352.0,1538300032.0,4.636932,2.696772
TER,Teradyne,Information Technology,Semiconductor Materials & Equipment,"North Reading, Massachusetts",1960,353.23,65.534325,0.0015,5.39,88.6,487.91,55295389696.0,1161465984.0,14.6019945,17.588509
TSLA,"Tesla, Inc.",Consumer Discretionary,Automobile Manufacturers,"Austin, Texas",2003,396.18,356.9189,,1.11,297.82,498.83,1487942582272.0,11093999616.0,15.201858,18.09289
TXN,Texas Instruments,Information Technology,Semiconductors,"Dallas, Texas",1930,305.55,51.010017,0.019,5.99,152.73,334.03,278078849024.0,8664999936.0,15.081833,16.572653
TXT,Textron,Industrials,Aerospace & Defense,"Providence, Rhode Island",1923,89.5,17.080153,0.0009,5.24,75.8,101.57,15563063296.0,1684000000.0,1.0246947,1.944553
TMO,Thermo Fisher Scientific,Health Care,Life Sciences Tools & Services,"Waltham, Massachusetts",2006 (1902),534.07,29.072945,0.0036,18.37,403.36,643.99,198471876608.0,11296000000.0,4.391262,3.82161
TJX,TJX Companies,Consumer Discretionary,Apparel Retail,"Framingham, Massachusetts",1987,150.34,29.306042,0.0128,5.13,119.84,170.0,166081249280.0,8835000320.0,2.6968248,15.969832
TSCO,Tractor Supply,Consumer Discretionary,Other Specialty Retail,"Brentwood, Tennessee",1938,30.55,15.049261,0.0317,2.03,28.36,63.99,16021935104.0,1952216064.0,1.0238221,6.3872046
TT,Trane Technologies,Industrials,Building Products,"Dublin, Ireland",1871,483.55,36.912212,0.0088,13.1,348.06,505.87,106891370496.0,4233400064.0,4.9480333,12.450755
TDG,TransDigm Group,Industrials,Aerospace & Defense,"Cleveland, Ohio",1993,1215.34,37.991245,,31.99,1123.61,1623.83,67978321920.0,4850999808.0,7.153354,-7.394063
TRV,Travelers Companies (The),Financials,Property & Casualty Insurance,"New York City, New York",1853,336.83,10.194612,0.0146,33.04,249.19,349.35,71625105408.0,10574000128.0,1.4634691,2.2387872
TRMB,Trimble Inc.,Information Technology,Application Software,"Westminster, Colorado",1978,51.58,27.43617,,1.88,47.92,87.5,12023892992.0,866899968.0,3.2615128,2.1200166
TFC,Truist Financial,Financials,Diversified Banks,"Charlotte, North Carolina",1872,51.95,12.8589115,0.04,4.04,40.78,56.2,64723431424.0,,3.4691234,1.0915012
TYL,Tyler Technologies,Information Technology,Application Software,"Plano, Texas",1966,301.29,43.476192,,6.93,270.71,621.34,12395238400.0,454520000.0,5.2066,3.594145
TSN,Tyson Foods,Consumer Staples,Packaged Foods & Meats,"Springdale, Arkansas",1935,57.48,45.259842,0.0352,1.27,50.56,69.48,20240398336.0,2710000128.0,0.36331716,1.118375
USB,U.S. Bancorp,Financials,Diversified Banks,"Minneapolis, Minnesota",1968,62.14,13.027253,0.0334,4.77,43.46,63.39,96797450240.0,,3.6325836,1.6554333
UBER,Uber,Industrials,Passenger Ground Transportation,"San Francisco, California",2009,72.08,18.434782,,3.91,67.19,101.99,146725978112.0,7020000256.0,2.7329888,5.9305577
UDR,"UDR, Inc.",Real Estate,Multi-Family Residential REITs,"Highlands Ranch, Colorado",1972,39.97,27.190477,0.0431,1.47,32.94,42.0,14809510912.0,1045686976.0,8.382641,4.0170856
ULTA,Ulta Beauty,Consumer Discretionary,Other Specialty Retail,"Bolingbrook, Illinois",1990,469.12,17.729403,,26.46,443.6,714.97,20167145472.0,1889405056.0,1.5869259,7.3906264
UNP,Union Pacific Corporation,Industrials,Rail Transportation,"Omaha, Nebraska",1862,288.3,23.80677,0.0191,12.11,210.84,291.45,171167514624.0,12586000384.0,6.9298587,8.814357
UAL,United Airlines Holdings,Industrials,Passenger Airlines,"Chicago, Illinois",1967,120.35,10.764758,,11.18,82.42,138.77,39061966848.0,7885000192.0,0.6460261,2.4606922
UPS,United Parcel Service,Industrials,Air Freight & Logistics,"Sandy Springs, Georgia",1907,113.67,18.27492,0.0581,6.22,82.0,122.41,96620208128.0,11834000384.0,1.094016,5.947261
URI,United Rentals,Industrials,Trading Companies & Distributors,"Stamford, Connecticut",1997,1065.83,27.203419,0.0073,38.48,701.59,1143.69,66770575360.0,4546999808.0,4.0800843,7.4553895
UNH,UnitedHealth Group,Health Care,Managed Health Care,"Eden Prairie, Minnesota",1977,425.19,32.06561,0.0216,13.26,234.6,434.3,386133917696.0,21464000512.0,0.85862297,3.9443219
UHS,Universal Health Services,Health Care,Health Care Facilities,"King of Prussia, Pennsylvania",1979,144.23,6.022129,0.0052,22.62,140.08,246.33,8731157504.0,2667874048.0,0.49161118,1.1696347
VLO,Valero Energy,Energy,Oil & Gas Refining & Marketing,"San Antonio, Texas",1980,301.43,21.592407,0.0162,13.96,130.78,301.43,89504440320.0,9203000320.0,0.7595356,3.7496889
VTR,Ventas,Real Estate,Health Care REITs,"Chicago, Illinois",1998,92.4,168.0,0.0217,0.55,64.75,94.6,44922085376.0,2288324096.0,7.3487983,3.4220955
VLTO,Veralto,Industrials,Environmental & Facilities Services,"Waltham, Massachusetts",2023,91.9,23.685566,0.0056,3.84,80.03,110.11,22570571776.0,1378000000.0,4.035504,7.5112386
VRSN,Verisign,Information Technology,Internet Services & Infrastructure,"Reston, Virginia",1995,268.85,29.674393,0.012,9.01,208.86,312.48,24465350656.0,1172099968.0,14.535023,-11.065608
VRSK,Verisk Analytics,Industrials,Research & Consulting Services,"Jersey City, New Jersey",1971,190.54,29.00152,0.0103,6.57,155.94,305.73,24964900864.0,1508099968.0,8.047223,-21.377762
VZ,Verizon,Communication Services,Integrated Telecommunication Services,"New York City, New York",1983 (1877),42.47,10.409314,0.0663,4.08,38.39,51.68,177335992320.0,51101999104.0,1.2744598,1.716584
VRTX,Vertex Pharmaceuticals,Health Care,Biotechnology,"Boston, Massachusetts",1989,476.31,28.487442,,16.72,362.5,533.67,120890064896.0,4981199872.0,9.8944235,6.2525105
VTRS,Viatris,Health Care,Pharmaceuticals,"Pittsburgh, Pennsylvania",1961,16.31,,0.0293,-0.3,8.63,17.53,18993854464.0,4125199872.0,1.30429,1.2956784
VICI,Vici Properties,Real Estate,Hotel & Resort REITs,"New York City, New York",2017,26.28,9.030928,0.0682,2.91,25.815,34.01,28936388608.0,3990516992.0,7.161705,0.9966249
V,Visa Inc.,Financials,Transaction & Payment Processing Services,"San Francisco, California",1958,356.02,31.147854,0.0075,11.43,293.89,365.02,677058772992.0,30143000576.0,15.735672,19.097736
VST,Vistra Corp.,Utilities,Electric Utilities,"Irving, Texas",2016,158.43,26.493309,0.0058,5.99,132.66,219.82,53419814912.0,6790000128.0,2.7472262,17.160961
VMC,Vulcan Materials Company,Materials,Construction Materials,"Birmingham, Alabama",1909,291.89,34.62515,0.0071,8.43,252.35,331.09,37874155520.0,2350599936.0,4.697628,4.471628
WRB,W. R. Berkley Corporation,Financials,Property & Casualty Insurance,"Greenwich, Connecticut",1967,71.98,15.647827,0.0054,4.6,62.87,78.96,26796480512.0,2580321024.0,1.8043807,2.8828902
GWW,W. W. Grainger,Industrials,Industrial Machinery & Supplies & Components,"Lake Forest, Illinois",1927,1371.07,37.450695,0.0067,36.61,906.52,1403.505,64732491776.0,3084999936.0,3.5222816,16.476236
WAB,Wabtec,Industrials,Construction Machinery & Heavy Transportation Equipment,"Pittsburgh, Pennsylvania",1999 (1869),262.02,36.904224,0.0048,7.1,184.26,284.91,44458856448.0,2520000000.0,3.8636355,4.009487
WMT,Walmart,Consumer Staples,Consumer Staples Merchandise Retail,"Bentonville, Arkansas",1962,113.7,40.03521,0.0086,2.84,94.43,135.16,904833531904.0,44837998592.0,1.2475214,9.596557
DIS,Walt Disney Company (The),Communication Services,Movies & Entertainment,"Burbank, California",1923,95.87,15.3392,0.0156,6.25,92.19,123.4,166479364096.0,19719999488.0,1.7116412,1.5389184
WBD,Warner Bros. Discovery,Communication Services,Broadcasting,"New York City, New York",2022 (Warner Bros. 1923),27.48,,,-0.71,10.76,30.0,68896120832.0,7584000000.0,1.8515484,2.1146595
WM,Waste Management,Industrials,Environmental & Facilities Services,"Houston, Texas",1968,234.27,33.90304,0.015,6.91,194.11,248.13,94077149184.0,7662000128.0,3.7019303,9.40428
WAT,Waters Corporation,Health Care,Life Sciences Tools & Services,"Milford, Massachusetts",1958,376.39,47.825924,,7.87,275.05,414.15,36956176384.0,1135047936.0,9.801955,2.4162107
WEC,WEC Energy Group,Utilities,Electric Utilities,"Milwaukee, Wisconsin",1896,115.05,23.056114,0.0329,4.99,102.95,119.91,37474738176.0,3932499968.0,3.7159622,2.7504842
WFC,Wells Fargo,Financials,Diversified Banks,"San Francisco, California",1852,85.29,13.559619,0.0205,6.29,72.78,97.76,261003558912.0,,3.2169046,1.6033764
WELL,Welltower,Real Estate,Health Care REITs,"Toledo, Ohio",1970,236.0,113.46154,0.0126,2.08,155.33,239.11,166595805184.0,2988736000.0,14.158035,3.7975092
WST,West Pharmaceutical Services,Health Care,Health Care Supplies,"Exton, Pennsylvania",1923,357.65,48.071236,0.0024,7.44,206.8,367.66,25267109888.0,869900032.0,7.8444924,8.479539
WDC,Western Digital,Information Technology,"Technology Hardware, Storage & Peripherals","San Jose, California",1970,563.32,33.214626,0.0011,16.96,65.8,799.87,194166341632.0,3928000000.0,16.48691,26.933779
WY,Weyerhaeuser,Real Estate,Timber REITs,"Seattle, Washington",1900,23.8,41.754387,0.0359,0.57,21.16,27.75,17160813568.0,698000000.0,2.4982986,1.8180429
WMB,Williams Companies,Energy,Oil & Gas Storage & Transportation,"Tulsa, Oklahoma",1908,75.98,32.750004,0.0282,2.32,55.82,80.08,92923412480.0,6821000192.0,7.673913,7.2694225
WTW,Willis Towers Watson,Financials,Insurance Brokers,"London, United Kingdom",2016,288.74,16.964746,0.013,17.02,240.61,352.79,27270907904.0,2764999936.0,2.7554722,3.4125183
WYNN,Wynn Resorts,Consumer Discretionary,Casinos & Gaming,"Paradise, Nevada",2002,95.9,27.877907,0.0103,3.44,93.15,134.72,9953146880.0,1760022016.0,1.3645123,-35.677086
XEL,Xcel Energy,Utilities,Multi-Utilities,"Minneapolis, Minnesota",1909,80.17,23.103746,0.0294,3.46,68.01,84.23,50047688704.0,6060000256.0,3.3852603,2.117594
XYL,Xylem Inc.,Industrials,Industrial Machinery & Supplies & Components,"White Plains, New York",2011,121.55,30.086636,0.0142,4.04,105.29,154.27,28891643904.0,1912000000.0,3.1780488,2.5790367
YUM,Yum! Brands,Consumer Discretionary,Restaurants,"Louisville, Kentucky",1997,158.18,26.10231,0.0186,6.06,137.33,170.14,43597762560.0,2992999936.0,5.1376104,-5.9816966
ZBRA,Zebra Technologies,Information Technology,Electronic Equipment & Instruments,"Lincolnshire, Illinois",1969,260.11,31.376356,,8.29,199.05,352.66,12389920768.0,1026000000.0,2.2192228,3.6267931
ZBH,Zimmer Biomet,Health Care,Health Care Equipment,"Warsaw, Indiana",1927,91.03,24.404825,0.0102,3.73,79.12,108.29,17610889216.0,2580999936.0,2.0942657,1.389156
ZTS,Zoetis,Health Care,Pharmaceuticals,"Parsippany, New Jersey",1952,74.07,12.142623,0.0281,5.99,71.47,160.48,31052226560.0,4073999872.0,3.258024,9.448909
